-9,26,9AFa45NPpYzBJ8NWQESMKETJf1I=,rZz+oDTw116hEd37a8sWQCF5YM8=
-10,27,9AFa45NPpYzBJ8NWQESMKETJf1I=,rZz+oDTw116hEd37a8sWQCF5YM8=
-9,27,9AFa45NPpYzBJ8NWQESMKETJf1I=,rZz+oDTw116hEd37a8sWQCF5YM8=
-10,26,9AFa45NPpYzBJ8NWQESMKETJf1I=,rZz+oDTw116hEd37a8sWQCF5YM8=
-13,26,9AFa45NPpYzBJ8NWQESMKETJf1I=,rZz+oDTw116hEd37a8sWQCF5YM8=
-15,31,9AFa45NPpYzBJ8NWQESMKETJf1I=,rZz+oDTw116hEd37a8sWQCF5YM8=
-3,29,9AFa45NPpYzBJ8NWQESMKETJf1I=,LQePRAl4c6OOfKaW9LQmBrlDg+8=
-14,26,9AFa45NPpYzBJ8NWQESMKETJf1I=,rZz+oDTw116hEd37a8sWQCF5YM8=
-16,31,9AFa45NPpYzBJ8NWQESMKETJf1I=,rZz+oDTw116hEd37a8sWQCF5YM8=
-4,29,9AFa45NPpYzBJ8NWQESMKETJf1I=,LQePRAl4c6OOfKaW9LQmBrlDg+8=
-12,23,9AFa45NPpYzBJ8NWQESMKETJf1I=,rZz+oDTw116hEd37a8sWQCF5YM8=
-13,27,9AFa45NPpYzBJ8NWQESMKETJf1I=,rZz+oDTw116hEd37a8sWQCF5YM8=
-15,30,9AFa45NPpYzBJ8NWQESMKETJf1I=,rZz+oDTw116hEd37a8sWQCF5YM8=
-11,23,9AFa45NPpYzBJ8NWQESMKETJf1I=,rZz+oDTw116hEd37a8sWQCF5YM8=
-4,28,9AFa45NPpYzBJ8NWQESMKETJf1I=,LQePRAl4c6OOfKaW9LQmBrlDg+8=
-16,30,9AFa45NPpYzBJ8NWQESMKETJf1I=,rZz+oDTw116hEd37a8sWQCF5YM8=
-3,28,9AFa45NPpYzBJ8NWQESMKETJf1I=,LQePRAl4c6OOfKaW9LQmBrlDg+8=
-14,27,9AFa45NPpYzBJ8NWQESMKETJf1I=,rZz+oDTw116hEd37a8sWQCF5YM8=
-13,16,9AFa45NPpYzBJ8NWQESMKETJf1I=,rZz+oDTw116hEd37a8sWQCF5YM8=
-15,16,9AFa45NPpYzBJ8NWQESMKETJf1I=,voMPjqupE5GXcOzusSaV/1WN77E=
-16,16,9AFa45NPpYzBJ8NWQESMKETJf1I=,voMPjqupE5GXcOzusSaV/1WN77E=
-14,16,9AFa45NPpYzBJ8NWQESMKETJf1I=,rZz+oDTw116hEd37a8sWQCF5YM8=
-16,18,9AFa45NPpYzBJ8NWQESMKETJf1I=,S0sPIvKiBASlc01GHE8W5Tw869Y=
-16,17,9AFa45NPpYzBJ8NWQESMKETJf1I=,voMPjqupE5GXcOzusSaV/1WN77E=
-15,18,9AFa45NPpYzBJ8NWQESMKETJf1I=,S0sPIvKiBASlc01GHE8W5Tw869Y=
-15,17,9AFa45NPpYzBJ8NWQESMKETJf1I=,voMPjqupE5GXcOzusSaV/1WN77E=
-14,17,9AFa45NPpYzBJ8NWQESMKETJf1I=,rZz+oDTw116hEd37a8sWQCF5YM8=
-14,18,9AFa45NPpYzBJ8NWQESMKETJf1I=,S0sPIvKiBASlc01GHE8W5Tw869Y=
-13,18,9AFa45NPpYzBJ8NWQESMKETJf1I=,S0sPIvKiBASlc01GHE8W5Tw869Y=
-13,17,9AFa45NPpYzBJ8NWQESMKETJf1I=,rZz+oDTw116hEd37a8sWQCF5YM8=
-12,18,9AFa45NPpYzBJ8NWQESMKETJf1I=,S0sPIvKiBASlc01GHE8W5Tw869Y=
-16,21,9AFa45NPpYzBJ8NWQESMKETJf1I=,S0sPIvKiBASlc01GHE8W5Tw869Y=
-16,19,9AFa45NPpYzBJ8NWQESMKETJf1I=,S0sPIvKiBASlc01GHE8W5Tw869Y=
-16,20,9AFa45NPpYzBJ8NWQESMKETJf1I=,S0sPIvKiBASlc01GHE8W5Tw869Y=
-10,18,9AFa45NPpYzBJ8NWQESMKETJf1I=,S0sPIvKiBASlc01GHE8W5Tw869Y=
-11,18,9AFa45NPpYzBJ8NWQESMKETJf1I=,S0sPIvKiBASlc01GHE8W5Tw869Y=
-8,23,9AFa45NPpYzBJ8NWQESMKETJf1I=,JqPEEzmDoL+de9xY01XhxtjFJMU=
-15,21,9AFa45NPpYzBJ8NWQESMKETJf1I=,S0sPIvKiBASlc01GHE8W5Tw869Y=
-15,19,9AFa45NPpYzBJ8NWQESMKETJf1I=,S0sPIvKiBASlc01GHE8W5Tw869Y=
-14,21,9AFa45NPpYzBJ8NWQESMKETJf1I=,/OWVH6dJxAqyohGLI042jKC+jiA=
-15,20,9AFa45NPpYzBJ8NWQESMKETJf1I=,S0sPIvKiBASlc01GHE8W5Tw869Y=
-13,21,9AFa45NPpYzBJ8NWQESMKETJf1I=,/OWVH6dJxAqyohGLI042jKC+jiA=
-14,20,9AFa45NPpYzBJ8NWQESMKETJf1I=,/OWVH6dJxAqyohGLI042jKC+jiA=
-14,19,9AFa45NPpYzBJ8NWQESMKETJf1I=,S0sPIvKiBASlc01GHE8W5Tw869Y=
-13,20,9AFa45NPpYzBJ8NWQESMKETJf1I=,/OWVH6dJxAqyohGLI042jKC+jiA=
-12,20,9AFa45NPpYzBJ8NWQESMKETJf1I=,S0sPIvKiBASlc01GHE8W5Tw869Y=
-12,22,9AFa45NPpYzBJ8NWQESMKETJf1I=,rZz+oDTw116hEd37a8sWQCF5YM8=
-13,19,9AFa45NPpYzBJ8NWQESMKETJf1I=,S0sPIvKiBASlc01GHE8W5Tw869Y=
-12,19,9AFa45NPpYzBJ8NWQESMKETJf1I=,S0sPIvKiBASlc01GHE8W5Tw869Y=
-12,21,9AFa45NPpYzBJ8NWQESMKETJf1I=,S0sPIvKiBASlc01GHE8W5Tw869Y=
-8,16,9AFa45NPpYzBJ8NWQESMKETJf1I=,/JIvPBzgwbsj3CZv2TiaeQCJLmk=
-10,19,9AFa45NPpYzBJ8NWQESMKETJf1I=,S0sPIvKiBASlc01GHE8W5Tw869Y=
-10,21,9AFa45NPpYzBJ8NWQESMKETJf1I=,S0sPIvKiBASlc01GHE8W5Tw869Y=
-10,20,9AFa45NPpYzBJ8NWQESMKETJf1I=,S0sPIvKiBASlc01GHE8W5Tw869Y=
-8,17,9AFa45NPpYzBJ8NWQESMKETJf1I=,/JIvPBzgwbsj3CZv2TiaeQCJLmk=
-9,18,9AFa45NPpYzBJ8NWQESMKETJf1I=,S0sPIvKiBASlc01GHE8W5Tw869Y=
-11,20,9AFa45NPpYzBJ8NWQESMKETJf1I=,S0sPIvKiBASlc01GHE8W5Tw869Y=
-8,18,9AFa45NPpYzBJ8NWQESMKETJf1I=,S0sPIvKiBASlc01GHE8W5Tw869Y=
-11,22,9AFa45NPpYzBJ8NWQESMKETJf1I=,rZz+oDTw116hEd37a8sWQCF5YM8=
-11,21,9AFa45NPpYzBJ8NWQESMKETJf1I=,S0sPIvKiBASlc01GHE8W5Tw869Y=
-11,19,9AFa45NPpYzBJ8NWQESMKETJf1I=,S0sPIvKiBASlc01GHE8W5Tw869Y=
-9,19,9AFa45NPpYzBJ8NWQESMKETJf1I=,S0sPIvKiBASlc01GHE8W5Tw869Y=
-9,21,E+F2cRg3a0Mr73Ctz7LgCaezvCA=,S0sPIvKiBASlc01GHE8W5Tw869Y=
-9,20,E+F2cRg3a0Mr73Ctz7LgCaezvCA=,S0sPIvKiBASlc01GHE8W5Tw869Y=
-8,21,E+F2cRg3a0Mr73Ctz7LgCaezvCA=,JqPEEzmDoL+de9xY01XhxtjFJMU=
-8,19,E+F2cRg3a0Mr73Ctz7LgCaezvCA=,S0sPIvKiBASlc01GHE8W5Tw869Y=
-8,22,E+F2cRg3a0Mr73Ctz7LgCaezvCA=,JqPEEzmDoL+de9xY01XhxtjFJMU=
-8,20,E+F2cRg3a0Mr73Ctz7LgCaezvCA=,JqPEEzmDoL+de9xY01XhxtjFJMU=
-7,23,E+F2cRg3a0Mr73Ctz7LgCaezvCA=,JqPEEzmDoL+de9xY01XhxtjFJMU=
-7,16,E+F2cRg3a0Mr73Ctz7LgCaezvCA=,/JIvPBzgwbsj3CZv2TiaeQCJLmk=
-6,23,E+F2cRg3a0Mr73Ctz7LgCaezvCA=,sL+2F7cFzX6IZ2A8fV4ACIDqiic=
-6,16,E+F2cRg3a0Mr73Ctz7LgCaezvCA=,V4N4mBj3PE+HBRnhVR8W98HfdSg=
-1,16,E+F2cRg3a0Mr73Ctz7LgCaezvCA=,/oPeoa90kcN5EmKWpOTStjz7P+Y=
-7,17,E+F2cRg3a0Mr73Ctz7LgCaezvCA=,/JIvPBzgwbsj3CZv2TiaeQCJLmk=
-6,18,E+F2cRg3a0Mr73Ctz7LgCaezvCA=,t6nhtHgVsaqdfAVGneYwNsNRHFs=
-7,18,E+F2cRg3a0Mr73Ctz7LgCaezvCA=,S0sPIvKiBASlc01GHE8W5Tw869Y=
-7,20,E+F2cRg3a0Mr73Ctz7LgCaezvCA=,JqPEEzmDoL+de9xY01XhxtjFJMU=
-6,17,E+F2cRg3a0Mr73Ctz7LgCaezvCA=,V4N4mBj3PE+HBRnhVR8W98HfdSg=
-6,19,E+F2cRg3a0Mr73Ctz7LgCaezvCA=,t6nhtHgVsaqdfAVGneYwNsNRHFs=
-7,22,E+F2cRg3a0Mr73Ctz7LgCaezvCA=,JqPEEzmDoL+de9xY01XhxtjFJMU=
-5,16,E+F2cRg3a0Mr73Ctz7LgCaezvCA=,V4N4mBj3PE+HBRnhVR8W98HfdSg=
-4,16,E+F2cRg3a0Mr73Ctz7LgCaezvCA=,V4N4mBj3PE+HBRnhVR8W98HfdSg=
-6,21,E+F2cRg3a0Mr73Ctz7LgCaezvCA=,FiuyEEn/OpoA8M+bfVGN+9rhNkE=
-2,16,E+F2cRg3a0Mr73Ctz7LgCaezvCA=,/oPeoa90kcN5EmKWpOTStjz7P+Y=
-3,16,E+F2cRg3a0Mr73Ctz7LgCaezvCA=,V4N4mBj3PE+HBRnhVR8W98HfdSg=
-6,20,E+F2cRg3a0Mr73Ctz7LgCaezvCA=,FiuyEEn/OpoA8M+bfVGN+9rhNkE=
-6,22,E+F2cRg3a0Mr73Ctz7LgCaezvCA=,sL+2F7cFzX6IZ2A8fV4ACIDqiic=
-1,17,E+F2cRg3a0Mr73Ctz7LgCaezvCA=,/oPeoa90kcN5EmKWpOTStjz7P+Y=
-4,18,E+F2cRg3a0Mr73Ctz7LgCaezvCA=,t6nhtHgVsaqdfAVGneYwNsNRHFs=
-2,17,E+F2cRg3a0Mr73Ctz7LgCaezvCA=,/oPeoa90kcN5EmKWpOTStjz7P+Y=
-1,18,E+F2cRg3a0Mr73Ctz7LgCaezvCA=,S0sPIvKiBASlc01GHE8W5Tw869Y=
-7,21,E+F2cRg3a0Mr73Ctz7LgCaezvCA=,JqPEEzmDoL+de9xY01XhxtjFJMU=
-5,18,E+F2cRg3a0Mr73Ctz7LgCaezvCA=,t6nhtHgVsaqdfAVGneYwNsNRHFs=
-3,17,E+F2cRg3a0Mr73Ctz7LgCaezvCA=,V4N4mBj3PE+HBRnhVR8W98HfdSg=
-2,18,E+F2cRg3a0Mr73Ctz7LgCaezvCA=,S0sPIvKiBASlc01GHE8W5Tw869Y=
-5,17,E+F2cRg3a0Mr73Ctz7LgCaezvCA=,V4N4mBj3PE+HBRnhVR8W98HfdSg=
-7,19,E+F2cRg3a0Mr73Ctz7LgCaezvCA=,S0sPIvKiBASlc01GHE8W5Tw869Y=
-1,19,E+F2cRg3a0Mr73Ctz7LgCaezvCA=,S0sPIvKiBASlc01GHE8W5Tw869Y=
-1,20,E+F2cRg3a0Mr73Ctz7LgCaezvCA=,zrDLxiVUGqS2PebOrKUV3hfWmyc=
-3,18,E+F2cRg3a0Mr73Ctz7LgCaezvCA=,t6nhtHgVsaqdfAVGneYwNsNRHFs=
-1,23,E+F2cRg3a0Mr73Ctz7LgCaezvCA=,2Nu9O2r6bVq2hTCNKc+8xUEA7vE=
-1,21,E+F2cRg3a0Mr73Ctz7LgCaezvCA=,zrDLxiVUGqS2PebOrKUV3hfWmyc=
-1,22,E+F2cRg3a0Mr73Ctz7LgCaezvCA=,2Nu9O2r6bVq2hTCNKc+8xUEA7vE=
-4,17,E+F2cRg3a0Mr73Ctz7LgCaezvCA=,V4N4mBj3PE+HBRnhVR8W98HfdSg=
-4,23,E+F2cRg3a0Mr73Ctz7LgCaezvCA=,SEHu3Bpwg2o+e/CBBbTECYJSAJc=
-5,23,E+F2cRg3a0Mr73Ctz7LgCaezvCA=,sL+2F7cFzX6IZ2A8fV4ACIDqiic=
-2,23,E+F2cRg3a0Mr73Ctz7LgCaezvCA=,2Nu9O2r6bVq2hTCNKc+8xUEA7vE=
-3,23,E+F2cRg3a0Mr73Ctz7LgCaezvCA=,SEHu3Bpwg2o+e/CBBbTECYJSAJc=
-2,19,E+F2cRg3a0Mr73Ctz7LgCaezvCA=,S0sPIvKiBASlc01GHE8W5Tw869Y=
-2,22,E+F2cRg3a0Mr73Ctz7LgCaezvCA=,2Nu9O2r6bVq2hTCNKc+8xUEA7vE=
-2,21,E+F2cRg3a0Mr73Ctz7LgCaezvCA=,zrDLxiVUGqS2PebOrKUV3hfWmyc=
-5,20,E+F2cRg3a0Mr73Ctz7LgCaezvCA=,FiuyEEn/OpoA8M+bfVGN+9rhNkE=
-5,21,E+F2cRg3a0Mr73Ctz7LgCaezvCA=,FiuyEEn/OpoA8M+bfVGN+9rhNkE=
-5,22,E+F2cRg3a0Mr73Ctz7LgCaezvCA=,sL+2F7cFzX6IZ2A8fV4ACIDqiic=
-2,20,oKdxYB4UUCj6N4Y3K51vHerVF94=,zrDLxiVUGqS2PebOrKUV3hfWmyc=
-3,19,oKdxYB4UUCj6N4Y3K51vHerVF94=,t6nhtHgVsaqdfAVGneYwNsNRHFs=
-3,22,oKdxYB4UUCj6N4Y3K51vHerVF94=,SEHu3Bpwg2o+e/CBBbTECYJSAJc=
-4,19,oKdxYB4UUCj6N4Y3K51vHerVF94=,t6nhtHgVsaqdfAVGneYwNsNRHFs=
-4,21,oKdxYB4UUCj6N4Y3K51vHerVF94=,MOIqWXNqto2VoAjHiQEjlutfvC0=
-4,22,oKdxYB4UUCj6N4Y3K51vHerVF94=,SEHu3Bpwg2o+e/CBBbTECYJSAJc=
-3,20,oKdxYB4UUCj6N4Y3K51vHerVF94=,MOIqWXNqto2VoAjHiQEjlutfvC0=
-4,20,oKdxYB4UUCj6N4Y3K51vHerVF94=,MOIqWXNqto2VoAjHiQEjlutfvC0=
-5,19,oKdxYB4UUCj6N4Y3K51vHerVF94=,t6nhtHgVsaqdfAVGneYwNsNRHFs=
-3,21,oKdxYB4UUCj6N4Y3K51vHerVF94=,MOIqWXNqto2VoAjHiQEjlutfvC0=
-29,11,mIyXBcqmIhSMQQ+Pji/Z7Zs5TJQ=,rZz+oDTw116hEd37a8sWQCF5YM8=
-29,6,mIyXBcqmIhSMQQ+Pji/Z7Zs5TJQ=,rZz+oDTw116hEd37a8sWQCF5YM8=
-30,11,mIyXBcqmIhSMQQ+Pji/Z7Zs5TJQ=,rZz+oDTw116hEd37a8sWQCF5YM8=
-30,6,mIyXBcqmIhSMQQ+Pji/Z7Zs5TJQ=,rZz+oDTw116hEd37a8sWQCF5YM8=
-29,10,mIyXBcqmIhSMQQ+Pji/Z7Zs5TJQ=,rZz+oDTw116hEd37a8sWQCF5YM8=
-29,7,mIyXBcqmIhSMQQ+Pji/Z7Zs5TJQ=,rZz+oDTw116hEd37a8sWQCF5YM8=
-30,10,mIyXBcqmIhSMQQ+Pji/Z7Zs5TJQ=,rZz+oDTw116hEd37a8sWQCF5YM8=
-30,7,mIyXBcqmIhSMQQ+Pji/Z7Zs5TJQ=,rZz+oDTw116hEd37a8sWQCF5YM8=
-27,3,mIyXBcqmIhSMQQ+Pji/Z7Zs5TJQ=,rZz+oDTw116hEd37a8sWQCF5YM8=
-27,2,mIyXBcqmIhSMQQ+Pji/Z7Zs5TJQ=,rZz+oDTw116hEd37a8sWQCF5YM8=
-28,2,mIyXBcqmIhSMQQ+Pji/Z7Zs5TJQ=,rZz+oDTw116hEd37a8sWQCF5YM8=
-26,1,mIyXBcqmIhSMQQ+Pji/Z7Zs5TJQ=,rZz+oDTw116hEd37a8sWQCF5YM8=
-26,0,mIyXBcqmIhSMQQ+Pji/Z7Zs5TJQ=,rZz+oDTw116hEd37a8sWQCF5YM8=
-28,3,mIyXBcqmIhSMQQ+Pji/Z7Zs5TJQ=,rZz+oDTw116hEd37a8sWQCF5YM8=
-24,1,mIyXBcqmIhSMQQ+Pji/Z7Zs5TJQ=,xWgA5zytWtzwXvAgnpVJ25CWHxY=
-24,0,mIyXBcqmIhSMQQ+Pji/Z7Zs5TJQ=,xWgA5zytWtzwXvAgnpVJ25CWHxY=
-25,1,mIyXBcqmIhSMQQ+Pji/Z7Zs5TJQ=,rZz+oDTw116hEd37a8sWQCF5YM8=
-25,0,mIyXBcqmIhSMQQ+Pji/Z7Zs5TJQ=,rZz+oDTw116hEd37a8sWQCF5YM8=
-22,0,WZ8OltMRQTcFLT8mlxL+Hu3+oBo=,oAxarCPV/T5dy3NvjXUviUYPIE4=
-23,0,WZ8OltMRQTcFLT8mlxL+Hu3+oBo=,xWgA5zytWtzwXvAgnpVJ25CWHxY=
-21,0,WZ8OltMRQTcFLT8mlxL+Hu3+oBo=,oAxarCPV/T5dy3NvjXUviUYPIE4=
-20,0,WZ8OltMRQTcFLT8mlxL+Hu3+oBo=,g8zB1U+Q3JGgMKAV1TA33M1QE3E=
-19,0,WZ8OltMRQTcFLT8mlxL+Hu3+oBo=,g8zB1U+Q3JGgMKAV1TA33M1QE3E=
-18,0,WZ8OltMRQTcFLT8mlxL+Hu3+oBo=,WDUAPX2agatu3wJE0QMOg+VEgmE=
-17,0,WZ8OltMRQTcFLT8mlxL+Hu3+oBo=,WDUAPX2agatu3wJE0QMOg+VEgmE=
-17,2,WZ8OltMRQTcFLT8mlxL+Hu3+oBo=,f9dour0hVsno/ReFksGD8C05Y0g=
-17,1,WZ8OltMRQTcFLT8mlxL+Hu3+oBo=,WDUAPX2agatu3wJE0QMOg+VEgmE=
-22,1,WZ8OltMRQTcFLT8mlxL+Hu3+oBo=,oAxarCPV/T5dy3NvjXUviUYPIE4=
-22,2,WZ8OltMRQTcFLT8mlxL+Hu3+oBo=,ojW6RL5Jau4mCyDt3QRPhNpW1Yw=
-23,1,WZ8OltMRQTcFLT8mlxL+Hu3+oBo=,xWgA5zytWtzwXvAgnpVJ25CWHxY=
-21,1,WZ8OltMRQTcFLT8mlxL+Hu3+oBo=,oAxarCPV/T5dy3NvjXUviUYPIE4=
-21,2,WZ8OltMRQTcFLT8mlxL+Hu3+oBo=,ojW6RL5Jau4mCyDt3QRPhNpW1Yw=
-18,2,WZ8OltMRQTcFLT8mlxL+Hu3+oBo=,f9dour0hVsno/ReFksGD8C05Y0g=
-18,1,WZ8OltMRQTcFLT8mlxL+Hu3+oBo=,WDUAPX2agatu3wJE0QMOg+VEgmE=
-22,3,WZ8OltMRQTcFLT8mlxL+Hu3+oBo=,ojW6RL5Jau4mCyDt3QRPhNpW1Yw=
-19,1,WZ8OltMRQTcFLT8mlxL+Hu3+oBo=,g8zB1U+Q3JGgMKAV1TA33M1QE3E=
-22,4,WZ8OltMRQTcFLT8mlxL+Hu3+oBo=,ojW6RL5Jau4mCyDt3QRPhNpW1Yw=
-20,1,WZ8OltMRQTcFLT8mlxL+Hu3+oBo=,g8zB1U+Q3JGgMKAV1TA33M1QE3E=
-19,2,WZ8OltMRQTcFLT8mlxL+Hu3+oBo=,JnJv1jP6M+Z8DGET89I1Pkcc+ic=
-20,2,WZ8OltMRQTcFLT8mlxL+Hu3+oBo=,JnJv1jP6M+Z8DGET89I1Pkcc+ic=
-17,4,bQbIKxTXE3mHstf03ato2nyhEtA=,t8SVtb4zvNRtNnWW2K5vf7wpNkE=
-17,3,bQbIKxTXE3mHstf03ato2nyhEtA=,f9dour0hVsno/ReFksGD8C05Y0g=
-21,3,bQbIKxTXE3mHstf03ato2nyhEtA=,ojW6RL5Jau4mCyDt3QRPhNpW1Yw=
-18,4,bQbIKxTXE3mHstf03ato2nyhEtA=,t8SVtb4zvNRtNnWW2K5vf7wpNkE=
-19,4,bQbIKxTXE3mHstf03ato2nyhEtA=,tyOOzuQfuYHkPPSE04dW3frj3J0=
-20,4,bQbIKxTXE3mHstf03ato2nyhEtA=,tyOOzuQfuYHkPPSE04dW3frj3J0=
-18,3,bQbIKxTXE3mHstf03ato2nyhEtA=,f9dour0hVsno/ReFksGD8C05Y0g=
-20,3,bQbIKxTXE3mHstf03ato2nyhEtA=,JnJv1jP6M+Z8DGET89I1Pkcc+ic=
-21,4,bQbIKxTXE3mHstf03ato2nyhEtA=,ojW6RL5Jau4mCyDt3QRPhNpW1Yw=
-19,3,bQbIKxTXE3mHstf03ato2nyhEtA=,JnJv1jP6M+Z8DGET89I1Pkcc+ic=
-17,5,bQbIKxTXE3mHstf03ato2nyhEtA=,t8SVtb4zvNRtNnWW2K5vf7wpNkE=
-17,6,bQbIKxTXE3mHstf03ato2nyhEtA=,122kZWjpSslCuugbm+oUtQWaxCc=
-19,5,bQbIKxTXE3mHstf03ato2nyhEtA=,tyOOzuQfuYHkPPSE04dW3frj3J0=
-18,6,bQbIKxTXE3mHstf03ato2nyhEtA=,122kZWjpSslCuugbm+oUtQWaxCc=
-18,5,bQbIKxTXE3mHstf03ato2nyhEtA=,t8SVtb4zvNRtNnWW2K5vf7wpNkE=
-19,6,bQbIKxTXE3mHstf03ato2nyhEtA=,tyOOzuQfuYHkPPSE04dW3frj3J0=
-17,7,bQbIKxTXE3mHstf03ato2nyhEtA=,122kZWjpSslCuugbm+oUtQWaxCc=
-17,8,bQbIKxTXE3mHstf03ato2nyhEtA=,fXn3Cx+0zBHs8r/0ndog2dsqm4A=
-19,7,bQbIKxTXE3mHstf03ato2nyhEtA=,tyOOzuQfuYHkPPSE04dW3frj3J0=
-18,7,bQbIKxTXE3mHstf03ato2nyhEtA=,122kZWjpSslCuugbm+oUtQWaxCc=
-19,8,dSiZwWMxZtcb+nv4gu5fC3BM3l8=,9nZWUbsQQgQ6IxOmy6At7fPvJuM=
-18,8,dSiZwWMxZtcb+nv4gu5fC3BM3l8=,fXn3Cx+0zBHs8r/0ndog2dsqm4A=
-17,10,dSiZwWMxZtcb+nv4gu5fC3BM3l8=,t8SVtb4zvNRtNnWW2K5vf7wpNkE=
-17,9,dSiZwWMxZtcb+nv4gu5fC3BM3l8=,fXn3Cx+0zBHs8r/0ndog2dsqm4A=
-18,9,dSiZwWMxZtcb+nv4gu5fC3BM3l8=,fXn3Cx+0zBHs8r/0ndog2dsqm4A=
-18,10,dSiZwWMxZtcb+nv4gu5fC3BM3l8=,t8SVtb4zvNRtNnWW2K5vf7wpNkE=
-17,12,dSiZwWMxZtcb+nv4gu5fC3BM3l8=,g8zB1U+Q3JGgMKAV1TA33M1QE3E=
-19,9,dSiZwWMxZtcb+nv4gu5fC3BM3l8=,9nZWUbsQQgQ6IxOmy6At7fPvJuM=
-17,11,dSiZwWMxZtcb+nv4gu5fC3BM3l8=,t8SVtb4zvNRtNnWW2K5vf7wpNkE=
-19,10,dSiZwWMxZtcb+nv4gu5fC3BM3l8=,9nZWUbsQQgQ6IxOmy6At7fPvJuM=
-22,15,dSiZwWMxZtcb+nv4gu5fC3BM3l8=,QQ+C3UC8sRbsFMk59xH+PgCs7fc=
-22,13,dSiZwWMxZtcb+nv4gu5fC3BM3l8=,QQ+C3UC8sRbsFMk59xH+PgCs7fc=
-22,14,dSiZwWMxZtcb+nv4gu5fC3BM3l8=,QQ+C3UC8sRbsFMk59xH+PgCs7fc=
-24,11,dSiZwWMxZtcb+nv4gu5fC3BM3l8=,s1EWeLN6G+/zzgw7seabFtTyg/Y=
-17,13,dSiZwWMxZtcb+nv4gu5fC3BM3l8=,g8zB1U+Q3JGgMKAV1TA33M1QE3E=
-17,15,dSiZwWMxZtcb+nv4gu5fC3BM3l8=,rZz+oDTw116hEd37a8sWQCF5YM8=
-17,14,dSiZwWMxZtcb+nv4gu5fC3BM3l8=,rZz+oDTw116hEd37a8sWQCF5YM8=
-21,11,dSiZwWMxZtcb+nv4gu5fC3BM3l8=,uMxJxpd6bz6gUuK5UXxceO07heM=
-22,11,dSiZwWMxZtcb+nv4gu5fC3BM3l8=,uMxJxpd6bz6gUuK5UXxceO07heM=
-18,12,dSiZwWMxZtcb+nv4gu5fC3BM3l8=,g8zB1U+Q3JGgMKAV1TA33M1QE3E=
-21,12,dSiZwWMxZtcb+nv4gu5fC3BM3l8=,QQ+C3UC8sRbsFMk59xH+PgCs7fc=
-24,10,dSiZwWMxZtcb+nv4gu5fC3BM3l8=,s1EWeLN6G+/zzgw7seabFtTyg/Y=
-24,9,dSiZwWMxZtcb+nv4gu5fC3BM3l8=,s1EWeLN6G+/zzgw7seabFtTyg/Y=
-20,12,dSiZwWMxZtcb+nv4gu5fC3BM3l8=,NnUpWQJ8RH88SLyumkpZSuLhrVo=
-19,14,dSiZwWMxZtcb+nv4gu5fC3BM3l8=,EyfZ33skdEIriGr+fi3F8xdB7CQ=
-19,11,dSiZwWMxZtcb+nv4gu5fC3BM3l8=,9nZWUbsQQgQ6IxOmy6At7fPvJuM=
-24,7,dSiZwWMxZtcb+nv4gu5fC3BM3l8=,xWgA5zytWtzwXvAgnpVJ25CWHxY=
-24,8,dSiZwWMxZtcb+nv4gu5fC3BM3l8=,s1EWeLN6G+/zzgw7seabFtTyg/Y=
-24,6,dSiZwWMxZtcb+nv4gu5fC3BM3l8=,xWgA5zytWtzwXvAgnpVJ25CWHxY=
-20,14,dSiZwWMxZtcb+nv4gu5fC3BM3l8=,EyfZ33skdEIriGr+fi3F8xdB7CQ=
-19,12,dSiZwWMxZtcb+nv4gu5fC3BM3l8=,NnUpWQJ8RH88SLyumkpZSuLhrVo=
-20,11,dSiZwWMxZtcb+nv4gu5fC3BM3l8=,9nZWUbsQQgQ6IxOmy6At7fPvJuM=
-22,12,dSiZwWMxZtcb+nv4gu5fC3BM3l8=,QQ+C3UC8sRbsFMk59xH+PgCs7fc=
-23,11,dSiZwWMxZtcb+nv4gu5fC3BM3l8=,s1EWeLN6G+/zzgw7seabFtTyg/Y=
-20,13,dSiZwWMxZtcb+nv4gu5fC3BM3l8=,NnUpWQJ8RH88SLyumkpZSuLhrVo=
-18,11,dSiZwWMxZtcb+nv4gu5fC3BM3l8=,t8SVtb4zvNRtNnWW2K5vf7wpNkE=
-18,13,dSiZwWMxZtcb+nv4gu5fC3BM3l8=,g8zB1U+Q3JGgMKAV1TA33M1QE3E=
-21,13,dSiZwWMxZtcb+nv4gu5fC3BM3l8=,QQ+C3UC8sRbsFMk59xH+PgCs7fc=
-19,15,dSiZwWMxZtcb+nv4gu5fC3BM3l8=,EyfZ33skdEIriGr+fi3F8xdB7CQ=
-20,15,dSiZwWMxZtcb+nv4gu5fC3BM3l8=,EyfZ33skdEIriGr+fi3F8xdB7CQ=
-21,15,dSiZwWMxZtcb+nv4gu5fC3BM3l8=,QQ+C3UC8sRbsFMk59xH+PgCs7fc=
-18,14,dSiZwWMxZtcb+nv4gu5fC3BM3l8=,rZz+oDTw116hEd37a8sWQCF5YM8=
-18,15,dSiZwWMxZtcb+nv4gu5fC3BM3l8=,rZz+oDTw116hEd37a8sWQCF5YM8=
-21,14,dSiZwWMxZtcb+nv4gu5fC3BM3l8=,QQ+C3UC8sRbsFMk59xH+PgCs7fc=
-19,13,dSiZwWMxZtcb+nv4gu5fC3BM3l8=,NnUpWQJ8RH88SLyumkpZSuLhrVo=
-20,5,dSiZwWMxZtcb+nv4gu5fC3BM3l8=,tyOOzuQfuYHkPPSE04dW3frj3J0=
-23,6,dSiZwWMxZtcb+nv4gu5fC3BM3l8=,xWgA5zytWtzwXvAgnpVJ25CWHxY=
-21,6,dSiZwWMxZtcb+nv4gu5fC3BM3l8=,fRyoHW1LVwu6H4jIFymJSglhSw0=
-22,6,dSiZwWMxZtcb+nv4gu5fC3BM3l8=,fRyoHW1LVwu6H4jIFymJSglhSw0=
-23,10,dSiZwWMxZtcb+nv4gu5fC3BM3l8=,s1EWeLN6G+/zzgw7seabFtTyg/Y=
-21,5,dSiZwWMxZtcb+nv4gu5fC3BM3l8=,ojW6RL5Jau4mCyDt3QRPhNpW1Yw=
-22,5,dSiZwWMxZtcb+nv4gu5fC3BM3l8=,ojW6RL5Jau4mCyDt3QRPhNpW1Yw=
-21,7,dSiZwWMxZtcb+nv4gu5fC3BM3l8=,fRyoHW1LVwu6H4jIFymJSglhSw0=
-20,6,dSiZwWMxZtcb+nv4gu5fC3BM3l8=,tyOOzuQfuYHkPPSE04dW3frj3J0=
-20,9,dSiZwWMxZtcb+nv4gu5fC3BM3l8=,9nZWUbsQQgQ6IxOmy6At7fPvJuM=
-20,7,dSiZwWMxZtcb+nv4gu5fC3BM3l8=,tyOOzuQfuYHkPPSE04dW3frj3J0=
-21,10,sislu17vb5EWJ50HxU3uMB6xVHk=,uMxJxpd6bz6gUuK5UXxceO07heM=
-22,10,sislu17vb5EWJ50HxU3uMB6xVHk=,uMxJxpd6bz6gUuK5UXxceO07heM=
-20,8,sislu17vb5EWJ50HxU3uMB6xVHk=,9nZWUbsQQgQ6IxOmy6At7fPvJuM=
-22,7,sislu17vb5EWJ50HxU3uMB6xVHk=,fRyoHW1LVwu6H4jIFymJSglhSw0=
-21,9,sislu17vb5EWJ50HxU3uMB6xVHk=,uMxJxpd6bz6gUuK5UXxceO07heM=
-22,9,sislu17vb5EWJ50HxU3uMB6xVHk=,uMxJxpd6bz6gUuK5UXxceO07heM=
-20,10,sislu17vb5EWJ50HxU3uMB6xVHk=,9nZWUbsQQgQ6IxOmy6At7fPvJuM=
-23,8,sislu17vb5EWJ50HxU3uMB6xVHk=,s1EWeLN6G+/zzgw7seabFtTyg/Y=
-23,7,sislu17vb5EWJ50HxU3uMB6xVHk=,xWgA5zytWtzwXvAgnpVJ25CWHxY=
-21,8,sislu17vb5EWJ50HxU3uMB6xVHk=,uMxJxpd6bz6gUuK5UXxceO07heM=
-22,8,sislu17vb5EWJ50HxU3uMB6xVHk=,uMxJxpd6bz6gUuK5UXxceO07heM=
-23,9,sislu17vb5EWJ50HxU3uMB6xVHk=,s1EWeLN6G+/zzgw7seabFtTyg/Y=
-27,31,sislu17vb5EWJ50HxU3uMB6xVHk=,rZz+oDTw116hEd37a8sWQCF5YM8=
-27,30,sislu17vb5EWJ50HxU3uMB6xVHk=,rZz+oDTw116hEd37a8sWQCF5YM8=
-24,31,sislu17vb5EWJ50HxU3uMB6xVHk=,rZz+oDTw116hEd37a8sWQCF5YM8=
-28,31,sislu17vb5EWJ50HxU3uMB6xVHk=,rZz+oDTw116hEd37a8sWQCF5YM8=
-28,30,sislu17vb5EWJ50HxU3uMB6xVHk=,rZz+oDTw116hEd37a8sWQCF5YM8=
-23,30,sislu17vb5EWJ50HxU3uMB6xVHk=,rZz+oDTw116hEd37a8sWQCF5YM8=
-24,30,sislu17vb5EWJ50HxU3uMB6xVHk=,rZz+oDTw116hEd37a8sWQCF5YM8=
-29,16,sislu17vb5EWJ50HxU3uMB6xVHk=,rZz+oDTw116hEd37a8sWQCF5YM8=
-30,16,sislu17vb5EWJ50HxU3uMB6xVHk=,rZz+oDTw116hEd37a8sWQCF5YM8=
-18,31,sislu17vb5EWJ50HxU3uMB6xVHk=,rZz+oDTw116hEd37a8sWQCF5YM8=
-23,31,sislu17vb5EWJ50HxU3uMB6xVHk=,rZz+oDTw116hEd37a8sWQCF5YM8=
-29,17,sislu17vb5EWJ50HxU3uMB6xVHk=,rZz+oDTw116hEd37a8sWQCF5YM8=
-17,30,sislu17vb5EWJ50HxU3uMB6xVHk=,rZz+oDTw116hEd37a8sWQCF5YM8=
-32,17,sislu17vb5EWJ50HxU3uMB6xVHk=,rZz+oDTw116hEd37a8sWQCF5YM8=
-17,31,sislu17vb5EWJ50HxU3uMB6xVHk=,rZz+oDTw116hEd37a8sWQCF5YM8=
-31,16,sislu17vb5EWJ50HxU3uMB6xVHk=,rZz+oDTw116hEd37a8sWQCF5YM8=
-24,26,sislu17vb5EWJ50HxU3uMB6xVHk=,rZz+oDTw116hEd37a8sWQCF5YM8=
-20,27,sislu17vb5EWJ50HxU3uMB6xVHk=,rZz+oDTw116hEd37a8sWQCF5YM8=
-19,26,sislu17vb5EWJ50HxU3uMB6xVHk=,rZz+oDTw116hEd37a8sWQCF5YM8=
-18,30,sislu17vb5EWJ50HxU3uMB6xVHk=,rZz+oDTw116hEd37a8sWQCF5YM8=
-24,27,sislu17vb5EWJ50HxU3uMB6xVHk=,rZz+oDTw116hEd37a8sWQCF5YM8=
-32,16,sislu17vb5EWJ50HxU3uMB6xVHk=,rZz+oDTw116hEd37a8sWQCF5YM8=
-19,27,sislu17vb5EWJ50HxU3uMB6xVHk=,rZz+oDTw116hEd37a8sWQCF5YM8=
-23,26,sislu17vb5EWJ50HxU3uMB6xVHk=,rZz+oDTw116hEd37a8sWQCF5YM8=
-31,17,sislu17vb5EWJ50HxU3uMB6xVHk=,rZz+oDTw116hEd37a8sWQCF5YM8=
-29,22,sislu17vb5EWJ50HxU3uMB6xVHk=,rZz+oDTw116hEd37a8sWQCF5YM8=
-20,26,sislu17vb5EWJ50HxU3uMB6xVHk=,rZz+oDTw116hEd37a8sWQCF5YM8=
-23,27,sislu17vb5EWJ50HxU3uMB6xVHk=,rZz+oDTw116hEd37a8sWQCF5YM8=
-30,17,sislu17vb5EWJ50HxU3uMB6xVHk=,rZz+oDTw116hEd37a8sWQCF5YM8=
-30,22,sislu17vb5EWJ50HxU3uMB6xVHk=,rZz+oDTw116hEd37a8sWQCF5YM8=
-29,25,sislu17vb5EWJ50HxU3uMB6xVHk=,rZz+oDTw116hEd37a8sWQCF5YM8=
-24,17,sislu17vb5EWJ50HxU3uMB6xVHk=,rZz+oDTw116hEd37a8sWQCF5YM8=
-24,21,sislu17vb5EWJ50HxU3uMB6xVHk=,rZz+oDTw116hEd37a8sWQCF5YM8=
-24,16,sislu17vb5EWJ50HxU3uMB6xVHk=,rZz+oDTw116hEd37a8sWQCF5YM8=
-29,23,sislu17vb5EWJ50HxU3uMB6xVHk=,rZz+oDTw116hEd37a8sWQCF5YM8=
-24,20,sislu17vb5EWJ50HxU3uMB6xVHk=,rZz+oDTw116hEd37a8sWQCF5YM8=
-30,25,sislu17vb5EWJ50HxU3uMB6xVHk=,rZz+oDTw116hEd37a8sWQCF5YM8=
-23,16,sislu17vb5EWJ50HxU3uMB6xVHk=,rZz+oDTw116hEd37a8sWQCF5YM8=
-23,21,sislu17vb5EWJ50HxU3uMB6xVHk=,rZz+oDTw116hEd37a8sWQCF5YM8=
-29,24,sislu17vb5EWJ50HxU3uMB6xVHk=,rZz+oDTw116hEd37a8sWQCF5YM8=
-22,16,sislu17vb5EWJ50HxU3uMB6xVHk=,tzAeMXTkir/dJg6doaTD4Kk4D78=
-30,24,sislu17vb5EWJ50HxU3uMB6xVHk=,rZz+oDTw116hEd37a8sWQCF5YM8=
-22,21,sislu17vb5EWJ50HxU3uMB6xVHk=,oAxarCPV/T5dy3NvjXUviUYPIE4=
-30,23,sislu17vb5EWJ50HxU3uMB6xVHk=,rZz+oDTw116hEd37a8sWQCF5YM8=
-22,19,sislu17vb5EWJ50HxU3uMB6xVHk=,QQ+C3UC8sRbsFMk59xH+PgCs7fc=
-22,20,sislu17vb5EWJ50HxU3uMB6xVHk=,oAxarCPV/T5dy3NvjXUviUYPIE4=
-22,18,sislu17vb5EWJ50HxU3uMB6xVHk=,QQ+C3UC8sRbsFMk59xH+PgCs7fc=
-22,17,sislu17vb5EWJ50HxU3uMB6xVHk=,tzAeMXTkir/dJg6doaTD4Kk4D78=
-23,20,sislu17vb5EWJ50HxU3uMB6xVHk=,rZz+oDTw116hEd37a8sWQCF5YM8=
-23,17,sislu17vb5EWJ50HxU3uMB6xVHk=,rZz+oDTw116hEd37a8sWQCF5YM8=
-17,21,sislu17vb5EWJ50HxU3uMB6xVHk=,yWeNfUB+fmKP3U4BxedSEeobzvM=
-17,19,sislu17vb5EWJ50HxU3uMB6xVHk=,lgB321IHSpsadnbJZWyAeWaCI7I=
-17,20,sislu17vb5EWJ50HxU3uMB6xVHk=,yWeNfUB+fmKP3U4BxedSEeobzvM=
-21,21,sislu17vb5EWJ50HxU3uMB6xVHk=,oAxarCPV/T5dy3NvjXUviUYPIE4=
-18,21,sislu17vb5EWJ50HxU3uMB6xVHk=,yWeNfUB+fmKP3U4BxedSEeobzvM=
-20,21,sislu17vb5EWJ50HxU3uMB6xVHk=,JnJv1jP6M+Z8DGET89I1Pkcc+ic=
-19,21,sislu17vb5EWJ50HxU3uMB6xVHk=,JnJv1jP6M+Z8DGET89I1Pkcc+ic=
-21,19,sislu17vb5EWJ50HxU3uMB6xVHk=,QQ+C3UC8sRbsFMk59xH+PgCs7fc=
-21,20,sislu17vb5EWJ50HxU3uMB6xVHk=,oAxarCPV/T5dy3NvjXUviUYPIE4=
-21,17,sislu17vb5EWJ50HxU3uMB6xVHk=,tzAeMXTkir/dJg6doaTD4Kk4D78=
-18,19,sislu17vb5EWJ50HxU3uMB6xVHk=,lgB321IHSpsadnbJZWyAeWaCI7I=
-19,16,sislu17vb5EWJ50HxU3uMB6xVHk=,NnUpWQJ8RH88SLyumkpZSuLhrVo=
-19,20,sislu17vb5EWJ50HxU3uMB6xVHk=,JnJv1jP6M+Z8DGET89I1Pkcc+ic=
-20,16,sislu17vb5EWJ50HxU3uMB6xVHk=,NnUpWQJ8RH88SLyumkpZSuLhrVo=
-17,18,sislu17vb5EWJ50HxU3uMB6xVHk=,lgB321IHSpsadnbJZWyAeWaCI7I=
-20,20,sislu17vb5EWJ50HxU3uMB6xVHk=,JnJv1jP6M+Z8DGET89I1Pkcc+ic=
-21,16,sislu17vb5EWJ50HxU3uMB6xVHk=,tzAeMXTkir/dJg6doaTD4Kk4D78=
-21,18,sislu17vb5EWJ50HxU3uMB6xVHk=,QQ+C3UC8sRbsFMk59xH+PgCs7fc=
-19,19,sislu17vb5EWJ50HxU3uMB6xVHk=,pry7oy2NvhOLzUcra5L9ZmMGGz4=
-18,18,sislu17vb5EWJ50HxU3uMB6xVHk=,lgB321IHSpsadnbJZWyAeWaCI7I=
-20,18,sislu17vb5EWJ50HxU3uMB6xVHk=,pry7oy2NvhOLzUcra5L9ZmMGGz4=
-20,19,sislu17vb5EWJ50HxU3uMB6xVHk=,pry7oy2NvhOLzUcra5L9ZmMGGz4=
-18,20,sislu17vb5EWJ50HxU3uMB6xVHk=,yWeNfUB+fmKP3U4BxedSEeobzvM=
-17,17,sislu17vb5EWJ50HxU3uMB6xVHk=,jLjeRfERhlUMNQ/zBLMcACowEjw=
-20,17,sislu17vb5EWJ50HxU3uMB6xVHk=,NnUpWQJ8RH88SLyumkpZSuLhrVo=
-18,17,sislu17vb5EWJ50HxU3uMB6xVHk=,jLjeRfERhlUMNQ/zBLMcACowEjw=
-17,16,sislu17vb5EWJ50HxU3uMB6xVHk=,jLjeRfERhlUMNQ/zBLMcACowEjw=
-18,16,sislu17vb5EWJ50HxU3uMB6xVHk=,jLjeRfERhlUMNQ/zBLMcACowEjw=
-19,17,sislu17vb5EWJ50HxU3uMB6xVHk=,NnUpWQJ8RH88SLyumkpZSuLhrVo=
-19,18,sislu17vb5EWJ50HxU3uMB6xVHk=,pry7oy2NvhOLzUcra5L9ZmMGGz4=
-13,13,SsTAELGM8qJgGEAzNohiAUDziDI=,7jybjvhxiV4AKkFDQotjL6OU5d8=
-15,15,SsTAELGM8qJgGEAzNohiAUDziDI=,voMPjqupE5GXcOzusSaV/1WN77E=
-16,15,SsTAELGM8qJgGEAzNohiAUDziDI=,voMPjqupE5GXcOzusSaV/1WN77E=
-13,11,SsTAELGM8qJgGEAzNohiAUDziDI=,7jybjvhxiV4AKkFDQotjL6OU5d8=
-13,12,SsTAELGM8qJgGEAzNohiAUDziDI=,7jybjvhxiV4AKkFDQotjL6OU5d8=
-15,14,SsTAELGM8qJgGEAzNohiAUDziDI=,voMPjqupE5GXcOzusSaV/1WN77E=
-14,12,SsTAELGM8qJgGEAzNohiAUDziDI=,7jybjvhxiV4AKkFDQotjL6OU5d8=
-14,11,SsTAELGM8qJgGEAzNohiAUDziDI=,7jybjvhxiV4AKkFDQotjL6OU5d8=
-16,14,SsTAELGM8qJgGEAzNohiAUDziDI=,voMPjqupE5GXcOzusSaV/1WN77E=
-15,13,SsTAELGM8qJgGEAzNohiAUDziDI=,voMPjqupE5GXcOzusSaV/1WN77E=
-15,11,SsTAELGM8qJgGEAzNohiAUDziDI=,MzGsFt6yh7XhAik0NXXk75vl97w=
-16,13,SsTAELGM8qJgGEAzNohiAUDziDI=,voMPjqupE5GXcOzusSaV/1WN77E=
-14,13,SsTAELGM8qJgGEAzNohiAUDziDI=,7jybjvhxiV4AKkFDQotjL6OU5d8=
-15,12,iH2/fFRqdmzB72Bb8uLsxBlJwY0=,voMPjqupE5GXcOzusSaV/1WN77E=
-16,12,iH2/fFRqdmzB72Bb8uLsxBlJwY0=,voMPjqupE5GXcOzusSaV/1WN77E=
-16,10,iH2/fFRqdmzB72Bb8uLsxBlJwY0=,MzGsFt6yh7XhAik0NXXk75vl97w=
-16,8,iH2/fFRqdmzB72Bb8uLsxBlJwY0=,aclhMEV0FySvMYHJvGqN4xE9hUA=
-16,9,iH2/fFRqdmzB72Bb8uLsxBlJwY0=,aclhMEV0FySvMYHJvGqN4xE9hUA=
-16,11,iH2/fFRqdmzB72Bb8uLsxBlJwY0=,MzGsFt6yh7XhAik0NXXk75vl97w=
-16,7,iH2/fFRqdmzB72Bb8uLsxBlJwY0=,n7iMpwFZ+PYPR83hmjl3BBYqfQs=
-16,6,iH2/fFRqdmzB72Bb8uLsxBlJwY0=,n7iMpwFZ+PYPR83hmjl3BBYqfQs=
-16,5,iH2/fFRqdmzB72Bb8uLsxBlJwY0=,qbEetCMkr7DBBwXb1l0w66DE9iI=
-16,0,iH2/fFRqdmzB72Bb8uLsxBlJwY0=,niLinC6ukMYex5qn2KFV1RRyXa4=
-16,4,iH2/fFRqdmzB72Bb8uLsxBlJwY0=,qbEetCMkr7DBBwXb1l0w66DE9iI=
-16,3,iH2/fFRqdmzB72Bb8uLsxBlJwY0=,qbEetCMkr7DBBwXb1l0w66DE9iI=
-16,1,iH2/fFRqdmzB72Bb8uLsxBlJwY0=,niLinC6ukMYex5qn2KFV1RRyXa4=
-14,0,iH2/fFRqdmzB72Bb8uLsxBlJwY0=,KnT43gDKaLC52FozPb/Wfigtsgw=
-16,2,iH2/fFRqdmzB72Bb8uLsxBlJwY0=,qbEetCMkr7DBBwXb1l0w66DE9iI=
-15,0,iH2/fFRqdmzB72Bb8uLsxBlJwY0=,niLinC6ukMYex5qn2KFV1RRyXa4=
-13,0,YwblPc1WQ6erACLP14FJTKfGQ/g=,KnT43gDKaLC52FozPb/Wfigtsgw=
-14,1,YwblPc1WQ6erACLP14FJTKfGQ/g=,KnT43gDKaLC52FozPb/Wfigtsgw=
-15,1,YwblPc1WQ6erACLP14FJTKfGQ/g=,niLinC6ukMYex5qn2KFV1RRyXa4=
-12,0,YwblPc1WQ6erACLP14FJTKfGQ/g=,FH3+RCf+C8AsSpZJq9RCpQcUj6Q=
-15,2,YwblPc1WQ6erACLP14FJTKfGQ/g=,qbEetCMkr7DBBwXb1l0w66DE9iI=
-14,2,YwblPc1WQ6erACLP14FJTKfGQ/g=,g8zB1U+Q3JGgMKAV1TA33M1QE3E=
-12,1,YwblPc1WQ6erACLP14FJTKfGQ/g=,FH3+RCf+C8AsSpZJq9RCpQcUj6Q=
-12,2,YwblPc1WQ6erACLP14FJTKfGQ/g=,FH3+RCf+C8AsSpZJq9RCpQcUj6Q=
-11,0,YwblPc1WQ6erACLP14FJTKfGQ/g=,FH3+RCf+C8AsSpZJq9RCpQcUj6Q=
-10,0,YwblPc1WQ6erACLP14FJTKfGQ/g=,2Oj3J3E8FSOULdp6n44B9HsCGGs=
-13,2,YwblPc1WQ6erACLP14FJTKfGQ/g=,g8zB1U+Q3JGgMKAV1TA33M1QE3E=
-13,1,YwblPc1WQ6erACLP14FJTKfGQ/g=,KnT43gDKaLC52FozPb/Wfigtsgw=
-8,0,YwblPc1WQ6erACLP14FJTKfGQ/g=,ZaiFReg4KK3yx2zwfpAxRYO6wwU=
-11,1,YwblPc1WQ6erACLP14FJTKfGQ/g=,FH3+RCf+C8AsSpZJq9RCpQcUj6Q=
-9,0,YwblPc1WQ6erACLP14FJTKfGQ/g=,2Oj3J3E8FSOULdp6n44B9HsCGGs=
-11,2,YwblPc1WQ6erACLP14FJTKfGQ/g=,FH3+RCf+C8AsSpZJq9RCpQcUj6Q=
-10,1,YwblPc1WQ6erACLP14FJTKfGQ/g=,2Oj3J3E8FSOULdp6n44B9HsCGGs=
-10,2,YwblPc1WQ6erACLP14FJTKfGQ/g=,LJ2sPHgStWf8o3e9VWcwqvxiPNw=
-6,0,ZI0hvlu6ExvreTt6HiVhCyeOIaI=,pOAKGPHb8OnaMnsixEPOnhnUBjg=
-7,0,ZI0hvlu6ExvreTt6HiVhCyeOIaI=,ZaiFReg4KK3yx2zwfpAxRYO6wwU=
-7,2,ZI0hvlu6ExvreTt6HiVhCyeOIaI=,P/CTzz0Cd3lLV/4zzgQk/BqxBXo=
-6,1,ZI0hvlu6ExvreTt6HiVhCyeOIaI=,pOAKGPHb8OnaMnsixEPOnhnUBjg=
-5,0,ZI0hvlu6ExvreTt6HiVhCyeOIaI=,pOAKGPHb8OnaMnsixEPOnhnUBjg=
-7,1,ZI0hvlu6ExvreTt6HiVhCyeOIaI=,ZaiFReg4KK3yx2zwfpAxRYO6wwU=
-4,0,ZI0hvlu6ExvreTt6HiVhCyeOIaI=,AIIKUiqu7m2Z/g6ZqZ81iJ2WqJ4=
-8,1,ZI0hvlu6ExvreTt6HiVhCyeOIaI=,ZaiFReg4KK3yx2zwfpAxRYO6wwU=
-9,1,ZI0hvlu6ExvreTt6HiVhCyeOIaI=,2Oj3J3E8FSOULdp6n44B9HsCGGs=
-8,2,ZI0hvlu6ExvreTt6HiVhCyeOIaI=,P/CTzz0Cd3lLV/4zzgQk/BqxBXo=
-6,2,ZI0hvlu6ExvreTt6HiVhCyeOIaI=,P/CTzz0Cd3lLV/4zzgQk/BqxBXo=
-9,2,ZI0hvlu6ExvreTt6HiVhCyeOIaI=,LJ2sPHgStWf8o3e9VWcwqvxiPNw=
-1,0,ZI0hvlu6ExvreTt6HiVhCyeOIaI=,Q40fQ4wEQ2UCQ2vClfABVoDUSQw=
-1,2,ZI0hvlu6ExvreTt6HiVhCyeOIaI=,/DZKcllWk3fIz7Fv/yOuPy1s85I=
-3,0,ZI0hvlu6ExvreTt6HiVhCyeOIaI=,AIIKUiqu7m2Z/g6ZqZ81iJ2WqJ4=
-2,0,ZI0hvlu6ExvreTt6HiVhCyeOIaI=,Q40fQ4wEQ2UCQ2vClfABVoDUSQw=
-1,1,ZI0hvlu6ExvreTt6HiVhCyeOIaI=,Q40fQ4wEQ2UCQ2vClfABVoDUSQw=
-2,1,SFmipSSR3+QLCpHL9OCmKEMRptc=,Q40fQ4wEQ2UCQ2vClfABVoDUSQw=
-2,2,SFmipSSR3+QLCpHL9OCmKEMRptc=,/DZKcllWk3fIz7Fv/yOuPy1s85I=
-1,4,SFmipSSR3+QLCpHL9OCmKEMRptc=,F58y8wY7TEbVTO3B0/RsjJD9wrQ=
-3,2,SFmipSSR3+QLCpHL9OCmKEMRptc=,Hpb0c+s5l3QZWowoKKtYgeCN9ng=
-1,3,SFmipSSR3+QLCpHL9OCmKEMRptc=,/DZKcllWk3fIz7Fv/yOuPy1s85I=
-4,2,SFmipSSR3+QLCpHL9OCmKEMRptc=,Hpb0c+s5l3QZWowoKKtYgeCN9ng=
-3,1,SFmipSSR3+QLCpHL9OCmKEMRptc=,AIIKUiqu7m2Z/g6ZqZ81iJ2WqJ4=
-4,1,SFmipSSR3+QLCpHL9OCmKEMRptc=,AIIKUiqu7m2Z/g6ZqZ81iJ2WqJ4=
-5,2,SFmipSSR3+QLCpHL9OCmKEMRptc=,P/CTzz0Cd3lLV/4zzgQk/BqxBXo=
-5,1,SFmipSSR3+QLCpHL9OCmKEMRptc=,pOAKGPHb8OnaMnsixEPOnhnUBjg=
-1,5,SFmipSSR3+QLCpHL9OCmKEMRptc=,F58y8wY7TEbVTO3B0/RsjJD9wrQ=
-1,6,SFmipSSR3+QLCpHL9OCmKEMRptc=,3RClTpGgdl/BBcmm9mQEv93F1XM=
-3,3,SFmipSSR3+QLCpHL9OCmKEMRptc=,Hpb0c+s5l3QZWowoKKtYgeCN9ng=
-2,3,SFmipSSR3+QLCpHL9OCmKEMRptc=,/DZKcllWk3fIz7Fv/yOuPy1s85I=
-3,4,SFmipSSR3+QLCpHL9OCmKEMRptc=,UITTXH0sGZxzL5pMa3K9MXNxCdY=
-2,4,SFmipSSR3+QLCpHL9OCmKEMRptc=,F58y8wY7TEbVTO3B0/RsjJD9wrQ=
-3,5,M+PPRq/4nrQ4+xDgNJzt5rRKRMU=,UITTXH0sGZxzL5pMa3K9MXNxCdY=
-2,6,M+PPRq/4nrQ4+xDgNJzt5rRKRMU=,3RClTpGgdl/BBcmm9mQEv93F1XM=
-1,8,M+PPRq/4nrQ4+xDgNJzt5rRKRMU=,4zi6vjWw7J+QM2b/zouyEi+qkB4=
-1,10,M+PPRq/4nrQ4+xDgNJzt5rRKRMU=,j9WECsH8vYJ697zgVwyUyfreEac=
-1,7,M+PPRq/4nrQ4+xDgNJzt5rRKRMU=,3RClTpGgdl/BBcmm9mQEv93F1XM=
-2,8,M+PPRq/4nrQ4+xDgNJzt5rRKRMU=,4zi6vjWw7J+QM2b/zouyEi+qkB4=
-2,5,M+PPRq/4nrQ4+xDgNJzt5rRKRMU=,F58y8wY7TEbVTO3B0/RsjJD9wrQ=
-1,9,M+PPRq/4nrQ4+xDgNJzt5rRKRMU=,4zi6vjWw7J+QM2b/zouyEi+qkB4=
-3,6,M+PPRq/4nrQ4+xDgNJzt5rRKRMU=,UITTXH0sGZxzL5pMa3K9MXNxCdY=
-8,12,M+PPRq/4nrQ4+xDgNJzt5rRKRMU=,DIUDfydWDwXdmpE+Zek5GzIyasU=
-8,11,M+PPRq/4nrQ4+xDgNJzt5rRKRMU=,/X36rpAj9sCMTirozijb6476mao=
-3,8,M+PPRq/4nrQ4+xDgNJzt5rRKRMU=,D5Vl4zC8350E8lrV0k4I5gf4AbY=
-8,13,M+PPRq/4nrQ4+xDgNJzt5rRKRMU=,DIUDfydWDwXdmpE+Zek5GzIyasU=
-8,15,M+PPRq/4nrQ4+xDgNJzt5rRKRMU=,c1B7n+0weiNCJE1plKDEaFz/As8=
-8,14,M+PPRq/4nrQ4+xDgNJzt5rRKRMU=,c1B7n+0weiNCJE1plKDEaFz/As8=
-2,7,M+PPRq/4nrQ4+xDgNJzt5rRKRMU=,3RClTpGgdl/BBcmm9mQEv93F1XM=
-3,7,M+PPRq/4nrQ4+xDgNJzt5rRKRMU=,UITTXH0sGZxzL5pMa3K9MXNxCdY=
-2,9,M+PPRq/4nrQ4+xDgNJzt5rRKRMU=,4zi6vjWw7J+QM2b/zouyEi+qkB4=
-3,10,M+PPRq/4nrQ4+xDgNJzt5rRKRMU=,e/vS1WHmCbp0Jcqq1rymEHAJF7g=
-3,9,M+PPRq/4nrQ4+xDgNJzt5rRKRMU=,D5Vl4zC8350E8lrV0k4I5gf4AbY=
-2,10,M+PPRq/4nrQ4+xDgNJzt5rRKRMU=,j9WECsH8vYJ697zgVwyUyfreEac=
-8,9,M+PPRq/4nrQ4+xDgNJzt5rRKRMU=,EJN0G/WYM6qrGSsb60FOM1ELM6k=
-9,9,M+PPRq/4nrQ4+xDgNJzt5rRKRMU=,EJN0G/WYM6qrGSsb60FOM1ELM6k=
-8,10,M+PPRq/4nrQ4+xDgNJzt5rRKRMU=,/X36rpAj9sCMTirozijb6476mao=
-10,9,M+PPRq/4nrQ4+xDgNJzt5rRKRMU=,EJN0G/WYM6qrGSsb60FOM1ELM6k=
-11,9,M+PPRq/4nrQ4+xDgNJzt5rRKRMU=,6fzV0D95xHO9N9HLeWOB50op/J0=
-7,9,M+PPRq/4nrQ4+xDgNJzt5rRKRMU=,EJN0G/WYM6qrGSsb60FOM1ELM6k=
-5,10,M+PPRq/4nrQ4+xDgNJzt5rRKRMU=,G0dqLJsBjzjah817ju1ovNq/JR4=
-5,9,M+PPRq/4nrQ4+xDgNJzt5rRKRMU=,7xpaxb8ScLUmPlY4oYGgiUcihmg=
-4,9,M+PPRq/4nrQ4+xDgNJzt5rRKRMU=,D5Vl4zC8350E8lrV0k4I5gf4AbY=
-4,10,M+PPRq/4nrQ4+xDgNJzt5rRKRMU=,e/vS1WHmCbp0Jcqq1rymEHAJF7g=
-7,10,KZJ2LKvIkJddr0iGc+qb1tDEJf4=,/X36rpAj9sCMTirozijb6476mao=
-6,10,KZJ2LKvIkJddr0iGc+qb1tDEJf4=,G0dqLJsBjzjah817ju1ovNq/JR4=
-6,9,KZJ2LKvIkJddr0iGc+qb1tDEJf4=,7xpaxb8ScLUmPlY4oYGgiUcihmg=
-11,7,KZJ2LKvIkJddr0iGc+qb1tDEJf4=,lnh+fthyk7B0AHByab2ReAt3ni0=
-10,7,KZJ2LKvIkJddr0iGc+qb1tDEJf4=,zbpwrWxBNPjV4aWdSzN7GgJoK9I=
-10,8,KZJ2LKvIkJddr0iGc+qb1tDEJf4=,EJN0G/WYM6qrGSsb60FOM1ELM6k=
-11,8,KZJ2LKvIkJddr0iGc+qb1tDEJf4=,6fzV0D95xHO9N9HLeWOB50op/J0=
-8,7,KZJ2LKvIkJddr0iGc+qb1tDEJf4=,4M9drBGkKqRFL6I8Akhuva7ATcc=
-8,8,KZJ2LKvIkJddr0iGc+qb1tDEJf4=,EJN0G/WYM6qrGSsb60FOM1ELM6k=
-9,8,KZJ2LKvIkJddr0iGc+qb1tDEJf4=,EJN0G/WYM6qrGSsb60FOM1ELM6k=
-9,7,KZJ2LKvIkJddr0iGc+qb1tDEJf4=,zbpwrWxBNPjV4aWdSzN7GgJoK9I=
-7,7,KZJ2LKvIkJddr0iGc+qb1tDEJf4=,4M9drBGkKqRFL6I8Akhuva7ATcc=
-6,8,KZJ2LKvIkJddr0iGc+qb1tDEJf4=,7xpaxb8ScLUmPlY4oYGgiUcihmg=
-7,8,KZJ2LKvIkJddr0iGc+qb1tDEJf4=,EJN0G/WYM6qrGSsb60FOM1ELM6k=
-5,7,KZJ2LKvIkJddr0iGc+qb1tDEJf4=,eqaOGnpOaOolH66/LEl4hpTxSTI=
-6,7,GSXIoRyMdSugFvLsj73aNYH75G0=,eqaOGnpOaOolH66/LEl4hpTxSTI=
-4,8,GSXIoRyMdSugFvLsj73aNYH75G0=,D5Vl4zC8350E8lrV0k4I5gf4AbY=
-4,7,GSXIoRyMdSugFvLsj73aNYH75G0=,UITTXH0sGZxzL5pMa3K9MXNxCdY=
-5,8,GSXIoRyMdSugFvLsj73aNYH75G0=,7xpaxb8ScLUmPlY4oYGgiUcihmg=
-6,5,GSXIoRyMdSugFvLsj73aNYH75G0=,eqaOGnpOaOolH66/LEl4hpTxSTI=
-7,5,GSXIoRyMdSugFvLsj73aNYH75G0=,4M9drBGkKqRFL6I8Akhuva7ATcc=
-8,5,GSXIoRyMdSugFvLsj73aNYH75G0=,4M9drBGkKqRFL6I8Akhuva7ATcc=
-4,3,GSXIoRyMdSugFvLsj73aNYH75G0=,Hpb0c+s5l3QZWowoKKtYgeCN9ng=
-9,6,GSXIoRyMdSugFvLsj73aNYH75G0=,zbpwrWxBNPjV4aWdSzN7GgJoK9I=
-14,4,GSXIoRyMdSugFvLsj73aNYH75G0=,ZygRY2BTmPPsq7iJgfkMdBq9Cs8=
-13,4,GSXIoRyMdSugFvLsj73aNYH75G0=,ZygRY2BTmPPsq7iJgfkMdBq9Cs8=
-15,3,GSXIoRyMdSugFvLsj73aNYH75G0=,qbEetCMkr7DBBwXb1l0w66DE9iI=
-7,6,GSXIoRyMdSugFvLsj73aNYH75G0=,4M9drBGkKqRFL6I8Akhuva7ATcc=
-8,6,GSXIoRyMdSugFvLsj73aNYH75G0=,4M9drBGkKqRFL6I8Akhuva7ATcc=
-11,6,GSXIoRyMdSugFvLsj73aNYH75G0=,lnh+fthyk7B0AHByab2ReAt3ni0=
-15,4,GSXIoRyMdSugFvLsj73aNYH75G0=,qbEetCMkr7DBBwXb1l0w66DE9iI=
-6,3,GSXIoRyMdSugFvLsj73aNYH75G0=,P/CTzz0Cd3lLV/4zzgQk/BqxBXo=
-9,4,GSXIoRyMdSugFvLsj73aNYH75G0=,0+Vl2DgcNUA3tBkzof/4y7vuk9c=
-10,5,GSXIoRyMdSugFvLsj73aNYH75G0=,0+Vl2DgcNUA3tBkzof/4y7vuk9c=
-14,3,GSXIoRyMdSugFvLsj73aNYH75G0=,g8zB1U+Q3JGgMKAV1TA33M1QE3E=
-5,4,GSXIoRyMdSugFvLsj73aNYH75G0=,eqaOGnpOaOolH66/LEl4hpTxSTI=
-8,4,GSXIoRyMdSugFvLsj73aNYH75G0=,4M9drBGkKqRFL6I8Akhuva7ATcc=
-11,3,GSXIoRyMdSugFvLsj73aNYH75G0=,FH3+RCf+C8AsSpZJq9RCpQcUj6Q=
-12,3,GSXIoRyMdSugFvLsj73aNYH75G0=,FH3+RCf+C8AsSpZJq9RCpQcUj6Q=
-9,3,GSXIoRyMdSugFvLsj73aNYH75G0=,LJ2sPHgStWf8o3e9VWcwqvxiPNw=
-4,5,GSXIoRyMdSugFvLsj73aNYH75G0=,UITTXH0sGZxzL5pMa3K9MXNxCdY=
-13,3,GSXIoRyMdSugFvLsj73aNYH75G0=,g8zB1U+Q3JGgMKAV1TA33M1QE3E=
-8,3,GSXIoRyMdSugFvLsj73aNYH75G0=,P/CTzz0Cd3lLV/4zzgQk/BqxBXo=
-5,6,GSXIoRyMdSugFvLsj73aNYH75G0=,eqaOGnpOaOolH66/LEl4hpTxSTI=
-11,5,GSXIoRyMdSugFvLsj73aNYH75G0=,FH3+RCf+C8AsSpZJq9RCpQcUj6Q=
-9,5,GSXIoRyMdSugFvLsj73aNYH75G0=,0+Vl2DgcNUA3tBkzof/4y7vuk9c=
-5,3,GSXIoRyMdSugFvLsj73aNYH75G0=,P/CTzz0Cd3lLV/4zzgQk/BqxBXo=
-11,4,GSXIoRyMdSugFvLsj73aNYH75G0=,FH3+RCf+C8AsSpZJq9RCpQcUj6Q=
-4,4,GSXIoRyMdSugFvLsj73aNYH75G0=,UITTXH0sGZxzL5pMa3K9MXNxCdY=
-12,4,GSXIoRyMdSugFvLsj73aNYH75G0=,FH3+RCf+C8AsSpZJq9RCpQcUj6Q=
-7,4,GSXIoRyMdSugFvLsj73aNYH75G0=,4M9drBGkKqRFL6I8Akhuva7ATcc=
-10,3,GSXIoRyMdSugFvLsj73aNYH75G0=,LJ2sPHgStWf8o3e9VWcwqvxiPNw=
-7,3,GSXIoRyMdSugFvLsj73aNYH75G0=,P/CTzz0Cd3lLV/4zzgQk/BqxBXo=
-14,5,GSXIoRyMdSugFvLsj73aNYH75G0=,ZygRY2BTmPPsq7iJgfkMdBq9Cs8=
-10,6,GSXIoRyMdSugFvLsj73aNYH75G0=,zbpwrWxBNPjV4aWdSzN7GgJoK9I=
-13,6,GSXIoRyMdSugFvLsj73aNYH75G0=,EC5iXItMyuo7flk356dt+KgGCrc=
-6,6,GSXIoRyMdSugFvLsj73aNYH75G0=,eqaOGnpOaOolH66/LEl4hpTxSTI=
-14,7,GSXIoRyMdSugFvLsj73aNYH75G0=,EC5iXItMyuo7flk356dt+KgGCrc=
-12,6,GSXIoRyMdSugFvLsj73aNYH75G0=,lnh+fthyk7B0AHByab2ReAt3ni0=
-10,4,GSXIoRyMdSugFvLsj73aNYH75G0=,0+Vl2DgcNUA3tBkzof/4y7vuk9c=
-6,4,GSXIoRyMdSugFvLsj73aNYH75G0=,eqaOGnpOaOolH66/LEl4hpTxSTI=
-14,6,GSXIoRyMdSugFvLsj73aNYH75G0=,EC5iXItMyuo7flk356dt+KgGCrc=
-12,7,GSXIoRyMdSugFvLsj73aNYH75G0=,lnh+fthyk7B0AHByab2ReAt3ni0=
-13,5,GSXIoRyMdSugFvLsj73aNYH75G0=,ZygRY2BTmPPsq7iJgfkMdBq9Cs8=
-15,10,GSXIoRyMdSugFvLsj73aNYH75G0=,MzGsFt6yh7XhAik0NXXk75vl97w=
-4,6,GSXIoRyMdSugFvLsj73aNYH75G0=,UITTXH0sGZxzL5pMa3K9MXNxCdY=
-12,5,GSXIoRyMdSugFvLsj73aNYH75G0=,FH3+RCf+C8AsSpZJq9RCpQcUj6Q=
-14,8,GSXIoRyMdSugFvLsj73aNYH75G0=,EC5iXItMyuo7flk356dt+KgGCrc=
-14,10,GSXIoRyMdSugFvLsj73aNYH75G0=,7jybjvhxiV4AKkFDQotjL6OU5d8=
-13,10,GSXIoRyMdSugFvLsj73aNYH75G0=,7jybjvhxiV4AKkFDQotjL6OU5d8=
-5,5,GSXIoRyMdSugFvLsj73aNYH75G0=,eqaOGnpOaOolH66/LEl4hpTxSTI=
-15,6,GSXIoRyMdSugFvLsj73aNYH75G0=,n7iMpwFZ+PYPR83hmjl3BBYqfQs=
-1,15,GSXIoRyMdSugFvLsj73aNYH75G0=,yYAkGSCLi89YOcL82M8tvrFT9cM=
-13,9,GSXIoRyMdSugFvLsj73aNYH75G0=,EC5iXItMyuo7flk356dt+KgGCrc=
-15,5,dR6Qa234zOr8ZN3aJD/QF6LHUdM=,qbEetCMkr7DBBwXb1l0w66DE9iI=
-14,9,dR6Qa234zOr8ZN3aJD/QF6LHUdM=,EC5iXItMyuo7flk356dt+KgGCrc=
-12,9,dR6Qa234zOr8ZN3aJD/QF6LHUdM=,6fzV0D95xHO9N9HLeWOB50op/J0=
-13,8,dR6Qa234zOr8ZN3aJD/QF6LHUdM=,EC5iXItMyuo7flk356dt+KgGCrc=
-12,8,dR6Qa234zOr8ZN3aJD/QF6LHUdM=,6fzV0D95xHO9N9HLeWOB50op/J0=
-15,7,dR6Qa234zOr8ZN3aJD/QF6LHUdM=,n7iMpwFZ+PYPR83hmjl3BBYqfQs=
-13,7,dR6Qa234zOr8ZN3aJD/QF6LHUdM=,EC5iXItMyuo7flk356dt+KgGCrc=
-15,9,dR6Qa234zOr8ZN3aJD/QF6LHUdM=,aclhMEV0FySvMYHJvGqN4xE9hUA=
-15,8,dR6Qa234zOr8ZN3aJD/QF6LHUdM=,aclhMEV0FySvMYHJvGqN4xE9hUA=
-6,15,dR6Qa234zOr8ZN3aJD/QF6LHUdM=,72XtOT537tT1R31fnAEUEXzNjwU=
-7,15,dR6Qa234zOr8ZN3aJD/QF6LHUdM=,c1B7n+0weiNCJE1plKDEaFz/As8=
-2,15,dR6Qa234zOr8ZN3aJD/QF6LHUdM=,yYAkGSCLi89YOcL82M8tvrFT9cM=
-3,15,dR6Qa234zOr8ZN3aJD/QF6LHUdM=,XvOFMhGVrRkohx9P4HbIHl+apFo=
-4,15,dR6Qa234zOr8ZN3aJD/QF6LHUdM=,XvOFMhGVrRkohx9P4HbIHl+apFo=
-5,15,dR6Qa234zOr8ZN3aJD/QF6LHUdM=,72XtOT537tT1R31fnAEUEXzNjwU=
-2,11,dR6Qa234zOr8ZN3aJD/QF6LHUdM=,j9WECsH8vYJ697zgVwyUyfreEac=
-1,14,dR6Qa234zOr8ZN3aJD/QF6LHUdM=,yYAkGSCLi89YOcL82M8tvrFT9cM=
-4,11,dR6Qa234zOr8ZN3aJD/QF6LHUdM=,e/vS1WHmCbp0Jcqq1rymEHAJF7g=
-3,11,dR6Qa234zOr8ZN3aJD/QF6LHUdM=,e/vS1WHmCbp0Jcqq1rymEHAJF7g=
-5,14,dR6Qa234zOr8ZN3aJD/QF6LHUdM=,72XtOT537tT1R31fnAEUEXzNjwU=
-3,13,dR6Qa234zOr8ZN3aJD/QF6LHUdM=,XvOFMhGVrRkohx9P4HbIHl+apFo=
-6,11,dR6Qa234zOr8ZN3aJD/QF6LHUdM=,G0dqLJsBjzjah817ju1ovNq/JR4=
-2,13,ILF7kXHPv0wutFY9mTuDbZIxMYo=,yYAkGSCLi89YOcL82M8tvrFT9cM=
-6,13,ILF7kXHPv0wutFY9mTuDbZIxMYo=,TDI4eCMQGmdJVJOLPwgnUr3Yz0k=
-2,12,ILF7kXHPv0wutFY9mTuDbZIxMYo=,yYAkGSCLi89YOcL82M8tvrFT9cM=
-5,12,ILF7kXHPv0wutFY9mTuDbZIxMYo=,TDI4eCMQGmdJVJOLPwgnUr3Yz0k=
-3,14,ILF7kXHPv0wutFY9mTuDbZIxMYo=,XvOFMhGVrRkohx9P4HbIHl+apFo=
-4,13,ILF7kXHPv0wutFY9mTuDbZIxMYo=,XvOFMhGVrRkohx9P4HbIHl+apFo=
-3,12,ILF7kXHPv0wutFY9mTuDbZIxMYo=,XvOFMhGVrRkohx9P4HbIHl+apFo=
-6,14,ILF7kXHPv0wutFY9mTuDbZIxMYo=,72XtOT537tT1R31fnAEUEXzNjwU=
-7,13,ILF7kXHPv0wutFY9mTuDbZIxMYo=,DIUDfydWDwXdmpE+Zek5GzIyasU=
-7,12,ILF7kXHPv0wutFY9mTuDbZIxMYo=,DIUDfydWDwXdmpE+Zek5GzIyasU=
-2,14,ILF7kXHPv0wutFY9mTuDbZIxMYo=,yYAkGSCLi89YOcL82M8tvrFT9cM=
-1,13,ILF7kXHPv0wutFY9mTuDbZIxMYo=,yYAkGSCLi89YOcL82M8tvrFT9cM=
-4,14,ILF7kXHPv0wutFY9mTuDbZIxMYo=,XvOFMhGVrRkohx9P4HbIHl+apFo=
-1,11,ILF7kXHPv0wutFY9mTuDbZIxMYo=,j9WECsH8vYJ697zgVwyUyfreEac=
-6,12,ILF7kXHPv0wutFY9mTuDbZIxMYo=,TDI4eCMQGmdJVJOLPwgnUr3Yz0k=
-7,14,ILF7kXHPv0wutFY9mTuDbZIxMYo=,c1B7n+0weiNCJE1plKDEaFz/As8=
-1,12,ILF7kXHPv0wutFY9mTuDbZIxMYo=,yYAkGSCLi89YOcL82M8tvrFT9cM=
-4,12,ILF7kXHPv0wutFY9mTuDbZIxMYo=,XvOFMhGVrRkohx9P4HbIHl+apFo=
-7,11,ILF7kXHPv0wutFY9mTuDbZIxMYo=,/X36rpAj9sCMTirozijb6476mao=
-5,13,ILF7kXHPv0wutFY9mTuDbZIxMYo=,TDI4eCMQGmdJVJOLPwgnUr3Yz0k=
-5,11,ILF7kXHPv0wutFY9mTuDbZIxMYo=,G0dqLJsBjzjah817ju1ovNq/JR4=
