-16,-16,sislu17vb5EWJ50HxU3uMB6xVHk=,GaOom6XD96g9HIy4CkSlLRCiYBA=
-14,-16,0naE+/zdfnCRbfMvi57HLJG9mdU=,XLFj/fPAJTHRalyC3FnPepMAomo=
-15,-16,0naE+/zdfnCRbfMvi57HLJG9mdU=,GaOom6XD96g9HIy4CkSlLRCiYBA=
-13,-16,0naE+/zdfnCRbfMvi57HLJG9mdU=,XLFj/fPAJTHRalyC3FnPepMAomo=
-10,-16,0naE+/zdfnCRbfMvi57HLJG9mdU=,NwQeGWa1F5FjdR2BnAZEWVVjNO4=
-9,-16,0naE+/zdfnCRbfMvi57HLJG9mdU=,NwQeGWa1F5FjdR2BnAZEWVVjNO4=
-12,-16,0naE+/zdfnCRbfMvi57HLJG9mdU=,TgBOsTZwhnVqD3J9T/HgoUiWnak=
-11,-16,0naE+/zdfnCRbfMvi57HLJG9mdU=,TgBOsTZwhnVqD3J9T/HgoUiWnak=
-8,-16,0naE+/zdfnCRbfMvi57HLJG9mdU=,b3P+Li1YEhGFtM5RB9A9FKWiP5Q=
-6,-16,0naE+/zdfnCRbfMvi57HLJG9mdU=,JIQKUYrxUZEap7696D37JefXqGQ=
-7,-16,0naE+/zdfnCRbfMvi57HLJG9mdU=,b3P+Li1YEhGFtM5RB9A9FKWiP5Q=
-5,-16,3FyXWczb0Qd8X4/Zn7qFx4lYp5w=,JIQKUYrxUZEap7696D37JefXqGQ=
-4,-16,3FyXWczb0Qd8X4/Zn7qFx4lYp5w=,3Rwx4mVEKbKHIjp+q4SXZwC+LT4=
-1,-16,3FyXWczb0Qd8X4/Zn7qFx4lYp5w=,+xTrzAhC7gwCRy/dyfc29Xk3YTw=
-1,-15,3FyXWczb0Qd8X4/Zn7qFx4lYp5w=,+xTrzAhC7gwCRy/dyfc29Xk3YTw=
-2,-16,3FyXWczb0Qd8X4/Zn7qFx4lYp5w=,+xTrzAhC7gwCRy/dyfc29Xk3YTw=
-1,-14,3FyXWczb0Qd8X4/Zn7qFx4lYp5w=,wT3ObV0JjB4KJE0oDMX4ixqBfq4=
-3,-16,3FyXWczb0Qd8X4/Zn7qFx4lYp5w=,3Rwx4mVEKbKHIjp+q4SXZwC+LT4=
-3,-14,3FyXWczb0Qd8X4/Zn7qFx4lYp5w=,wT3ObV0JjB4KJE0oDMX4ixqBfq4=
-2,-15,3FyXWczb0Qd8X4/Zn7qFx4lYp5w=,+xTrzAhC7gwCRy/dyfc29Xk3YTw=
-3,-15,3FyXWczb0Qd8X4/Zn7qFx4lYp5w=,3Rwx4mVEKbKHIjp+q4SXZwC+LT4=
-2,-14,3FyXWczb0Qd8X4/Zn7qFx4lYp5w=,wT3ObV0JjB4KJE0oDMX4ixqBfq4=
-1,-12,3FyXWczb0Qd8X4/Zn7qFx4lYp5w=,3CchZvnb8CFr14N9QK3HsFtIg2E=
-1,-13,3FyXWczb0Qd8X4/Zn7qFx4lYp5w=,wT3ObV0JjB4KJE0oDMX4ixqBfq4=
-3,-13,3FyXWczb0Qd8X4/Zn7qFx4lYp5w=,wT3ObV0JjB4KJE0oDMX4ixqBfq4=
-3,-12,3FyXWczb0Qd8X4/Zn7qFx4lYp5w=,44O4T0Fqavpf30rvnqKrbQiRqp0=
-1,-10,3FyXWczb0Qd8X4/Zn7qFx4lYp5w=,3CchZvnb8CFr14N9QK3HsFtIg2E=
-2,-12,0i+LB3EA/NcawGntd9N3t3ZaQLE=,3CchZvnb8CFr14N9QK3HsFtIg2E=
-1,-11,0i+LB3EA/NcawGntd9N3t3ZaQLE=,3CchZvnb8CFr14N9QK3HsFtIg2E=
-2,-13,0i+LB3EA/NcawGntd9N3t3ZaQLE=,wT3ObV0JjB4KJE0oDMX4ixqBfq4=
-3,-10,0i+LB3EA/NcawGntd9N3t3ZaQLE=,44O4T0Fqavpf30rvnqKrbQiRqp0=
-3,-11,0i+LB3EA/NcawGntd9N3t3ZaQLE=,44O4T0Fqavpf30rvnqKrbQiRqp0=
-2,-10,0i+LB3EA/NcawGntd9N3t3ZaQLE=,3CchZvnb8CFr14N9QK3HsFtIg2E=
-2,-11,0i+LB3EA/NcawGntd9N3t3ZaQLE=,3CchZvnb8CFr14N9QK3HsFtIg2E=
-1,-9,0i+LB3EA/NcawGntd9N3t3ZaQLE=,3CchZvnb8CFr14N9QK3HsFtIg2E=
-1,-8,0i+LB3EA/NcawGntd9N3t3ZaQLE=,Luugke9D47+F9A/PofxqYi1vwak=
-1,-6,0i+LB3EA/NcawGntd9N3t3ZaQLE=,vcb6xE/zUn953dVV7BqP0xc1yOY=
-3,-9,0i+LB3EA/NcawGntd9N3t3ZaQLE=,44O4T0Fqavpf30rvnqKrbQiRqp0=
-1,-7,0i+LB3EA/NcawGntd9N3t3ZaQLE=,Luugke9D47+F9A/PofxqYi1vwak=
-3,-8,0i+LB3EA/NcawGntd9N3t3ZaQLE=,2fEJIsvTFg/u65JyMqUB1+dHNTk=
-2,-9,0i+LB3EA/NcawGntd9N3t3ZaQLE=,3CchZvnb8CFr14N9QK3HsFtIg2E=
-2,-8,0i+LB3EA/NcawGntd9N3t3ZaQLE=,Luugke9D47+F9A/PofxqYi1vwak=
-3,-6,0i+LB3EA/NcawGntd9N3t3ZaQLE=,OLifh/8y9Ch4mpPbudgZJfzl6ZI=
-3,-7,0i+LB3EA/NcawGntd9N3t3ZaQLE=,2fEJIsvTFg/u65JyMqUB1+dHNTk=
-2,-6,0i+LB3EA/NcawGntd9N3t3ZaQLE=,vcb6xE/zUn953dVV7BqP0xc1yOY=
-1,-5,0i+LB3EA/NcawGntd9N3t3ZaQLE=,vcb6xE/zUn953dVV7BqP0xc1yOY=
-2,-7,0i+LB3EA/NcawGntd9N3t3ZaQLE=,Luugke9D47+F9A/PofxqYi1vwak=
-1,-4,0i+LB3EA/NcawGntd9N3t3ZaQLE=,CvOXr8qED82Xrzs0kVFTBu6GAdI=
-1,-3,VU/4b376uqF/jdxqr/kOK6sFqwQ=,CvOXr8qED82Xrzs0kVFTBu6GAdI=
-1,-2,VU/4b376uqF/jdxqr/kOK6sFqwQ=,mOr1O/1wslrtqTJwfj/GEGx87Ls=
-1,-1,VU/4b376uqF/jdxqr/kOK6sFqwQ=,mOr1O/1wslrtqTJwfj/GEGx87Ls=
-3,-5,VU/4b376uqF/jdxqr/kOK6sFqwQ=,OLifh/8y9Ch4mpPbudgZJfzl6ZI=
-3,-4,VU/4b376uqF/jdxqr/kOK6sFqwQ=,1qTyXdSp/OldBB8QBc+eE9jj7zY=
-2,-5,VU/4b376uqF/jdxqr/kOK6sFqwQ=,vcb6xE/zUn953dVV7BqP0xc1yOY=
-2,-4,VU/4b376uqF/jdxqr/kOK6sFqwQ=,CvOXr8qED82Xrzs0kVFTBu6GAdI=
-3,-1,VU/4b376uqF/jdxqr/kOK6sFqwQ=,p3xYxkte07FmehgAJ+rgttUeSW8=
-4,-1,VU/4b376uqF/jdxqr/kOK6sFqwQ=,p3xYxkte07FmehgAJ+rgttUeSW8=
-4,-2,VU/4b376uqF/jdxqr/kOK6sFqwQ=,p3xYxkte07FmehgAJ+rgttUeSW8=
-5,-1,VU/4b376uqF/jdxqr/kOK6sFqwQ=,pOAKGPHb8OnaMnsixEPOnhnUBjg=
-3,-2,VU/4b376uqF/jdxqr/kOK6sFqwQ=,p3xYxkte07FmehgAJ+rgttUeSW8=
-7,-1,VU/4b376uqF/jdxqr/kOK6sFqwQ=,ZaiFReg4KK3yx2zwfpAxRYO6wwU=
-4,-3,VU/4b376uqF/jdxqr/kOK6sFqwQ=,1qTyXdSp/OldBB8QBc+eE9jj7zY=
-3,-3,VU/4b376uqF/jdxqr/kOK6sFqwQ=,1qTyXdSp/OldBB8QBc+eE9jj7zY=
-6,-1,VU/4b376uqF/jdxqr/kOK6sFqwQ=,pOAKGPHb8OnaMnsixEPOnhnUBjg=
-2,-3,VU/4b376uqF/jdxqr/kOK6sFqwQ=,CvOXr8qED82Xrzs0kVFTBu6GAdI=
-5,-2,VU/4b376uqF/jdxqr/kOK6sFqwQ=,pOAKGPHb8OnaMnsixEPOnhnUBjg=
-2,-2,VU/4b376uqF/jdxqr/kOK6sFqwQ=,mOr1O/1wslrtqTJwfj/GEGx87Ls=
-5,-3,VU/4b376uqF/jdxqr/kOK6sFqwQ=,1qTyXdSp/OldBB8QBc+eE9jj7zY=
-2,-1,VU/4b376uqF/jdxqr/kOK6sFqwQ=,mOr1O/1wslrtqTJwfj/GEGx87Ls=
-7,-2,ROvCL+3Oa7vbLvgDy5lW1tsXbCI=,ZaiFReg4KK3yx2zwfpAxRYO6wwU=
-7,-3,ROvCL+3Oa7vbLvgDy5lW1tsXbCI=,3hwUMNnb57hdUL+XgBQ8sAHuuYs=
-6,-2,ROvCL+3Oa7vbLvgDy5lW1tsXbCI=,pOAKGPHb8OnaMnsixEPOnhnUBjg=
-6,-3,ROvCL+3Oa7vbLvgDy5lW1tsXbCI=,1qTyXdSp/OldBB8QBc+eE9jj7zY=
-4,-6,ROvCL+3Oa7vbLvgDy5lW1tsXbCI=,OLifh/8y9Ch4mpPbudgZJfzl6ZI=
-7,-4,ROvCL+3Oa7vbLvgDy5lW1tsXbCI=,3hwUMNnb57hdUL+XgBQ8sAHuuYs=
-4,-7,ROvCL+3Oa7vbLvgDy5lW1tsXbCI=,2fEJIsvTFg/u65JyMqUB1+dHNTk=
-7,-5,ROvCL+3Oa7vbLvgDy5lW1tsXbCI=,hPecHpNi1J0vKuXDaC9OntijXc4=
-5,-7,ROvCL+3Oa7vbLvgDy5lW1tsXbCI=,hE08WtXaN9+VPFaZBdAKoa3KZC0=
-4,-5,ROvCL+3Oa7vbLvgDy5lW1tsXbCI=,OLifh/8y9Ch4mpPbudgZJfzl6ZI=
-5,-6,ROvCL+3Oa7vbLvgDy5lW1tsXbCI=,OLifh/8y9Ch4mpPbudgZJfzl6ZI=
-4,-4,ROvCL+3Oa7vbLvgDy5lW1tsXbCI=,1qTyXdSp/OldBB8QBc+eE9jj7zY=
-6,-5,ROvCL+3Oa7vbLvgDy5lW1tsXbCI=,OLifh/8y9Ch4mpPbudgZJfzl6ZI=
-7,-6,ROvCL+3Oa7vbLvgDy5lW1tsXbCI=,hPecHpNi1J0vKuXDaC9OntijXc4=
-5,-5,ROvCL+3Oa7vbLvgDy5lW1tsXbCI=,OLifh/8y9Ch4mpPbudgZJfzl6ZI=
-6,-4,ROvCL+3Oa7vbLvgDy5lW1tsXbCI=,1qTyXdSp/OldBB8QBc+eE9jj7zY=
-7,-7,ROvCL+3Oa7vbLvgDy5lW1tsXbCI=,2dKUjj4+UIpbRRPifuTVhp7VjGw=
-5,-4,ROvCL+3Oa7vbLvgDy5lW1tsXbCI=,1qTyXdSp/OldBB8QBc+eE9jj7zY=
-6,-7,ROvCL+3Oa7vbLvgDy5lW1tsXbCI=,hE08WtXaN9+VPFaZBdAKoa3KZC0=
-6,-6,ROvCL+3Oa7vbLvgDy5lW1tsXbCI=,OLifh/8y9Ch4mpPbudgZJfzl6ZI=
-4,-8,ROvCL+3Oa7vbLvgDy5lW1tsXbCI=,2fEJIsvTFg/u65JyMqUB1+dHNTk=
-4,-9,ROvCL+3Oa7vbLvgDy5lW1tsXbCI=,44O4T0Fqavpf30rvnqKrbQiRqp0=
-5,-9,ROvCL+3Oa7vbLvgDy5lW1tsXbCI=,LGUshgkQMUdsqwss5MeEygy58cQ=
-5,-8,ROvCL+3Oa7vbLvgDy5lW1tsXbCI=,hE08WtXaN9+VPFaZBdAKoa3KZC0=
-7,-9,ROvCL+3Oa7vbLvgDy5lW1tsXbCI=,KLYM4FyLaBIk2sQ0BsV83yXeY64=
-7,-8,ROvCL+3Oa7vbLvgDy5lW1tsXbCI=,2dKUjj4+UIpbRRPifuTVhp7VjGw=
-6,-9,z564gdGibvJmLM7yTMrmKc8uqb4=,LGUshgkQMUdsqwss5MeEygy58cQ=
-6,-8,z564gdGibvJmLM7yTMrmKc8uqb4=,hE08WtXaN9+VPFaZBdAKoa3KZC0=
-4,-10,z564gdGibvJmLM7yTMrmKc8uqb4=,44O4T0Fqavpf30rvnqKrbQiRqp0=
-7,-11,z564gdGibvJmLM7yTMrmKc8uqb4=,2icWkuk+7yuNcN2Ph08k+b642Rc=
-7,-10,z564gdGibvJmLM7yTMrmKc8uqb4=,KLYM4FyLaBIk2sQ0BsV83yXeY64=
-4,-11,z564gdGibvJmLM7yTMrmKc8uqb4=,44O4T0Fqavpf30rvnqKrbQiRqp0=
-6,-11,z564gdGibvJmLM7yTMrmKc8uqb4=,LGUshgkQMUdsqwss5MeEygy58cQ=
-5,-11,z564gdGibvJmLM7yTMrmKc8uqb4=,LGUshgkQMUdsqwss5MeEygy58cQ=
-6,-10,z564gdGibvJmLM7yTMrmKc8uqb4=,LGUshgkQMUdsqwss5MeEygy58cQ=
-5,-10,z564gdGibvJmLM7yTMrmKc8uqb4=,LGUshgkQMUdsqwss5MeEygy58cQ=
-8,-10,z564gdGibvJmLM7yTMrmKc8uqb4=,KLYM4FyLaBIk2sQ0BsV83yXeY64=
-8,-11,z564gdGibvJmLM7yTMrmKc8uqb4=,2icWkuk+7yuNcN2Ph08k+b642Rc=
-9,-10,z564gdGibvJmLM7yTMrmKc8uqb4=,KLYM4FyLaBIk2sQ0BsV83yXeY64=
-9,-11,z564gdGibvJmLM7yTMrmKc8uqb4=,95KoSOK0DobzrYmMwOdq4NXYS4A=
-9,-15,z564gdGibvJmLM7yTMrmKc8uqb4=,NwQeGWa1F5FjdR2BnAZEWVVjNO4=
-8,-14,z564gdGibvJmLM7yTMrmKc8uqb4=,Nm6vur/KRBorQrymOzzAEyouQkQ=
-8,-13,z564gdGibvJmLM7yTMrmKc8uqb4=,Nm6vur/KRBorQrymOzzAEyouQkQ=
-8,-12,z564gdGibvJmLM7yTMrmKc8uqb4=,2icWkuk+7yuNcN2Ph08k+b642Rc=
-9,-14,BOWoy3ZLDgeVYpGFNDPRSiKTfQI=,vgTRsb6CKt4JO9t1V96XBk4BPq8=
-9,-13,BOWoy3ZLDgeVYpGFNDPRSiKTfQI=,vgTRsb6CKt4JO9t1V96XBk4BPq8=
-10,-15,BOWoy3ZLDgeVYpGFNDPRSiKTfQI=,NwQeGWa1F5FjdR2BnAZEWVVjNO4=
-9,-12,BOWoy3ZLDgeVYpGFNDPRSiKTfQI=,95KoSOK0DobzrYmMwOdq4NXYS4A=
-8,-15,BOWoy3ZLDgeVYpGFNDPRSiKTfQI=,b3P+Li1YEhGFtM5RB9A9FKWiP5Q=
-11,-14,BOWoy3ZLDgeVYpGFNDPRSiKTfQI=,WQNaE8ohF+ziz50rv5ug9hszuwA=
-10,-14,BOWoy3ZLDgeVYpGFNDPRSiKTfQI=,vgTRsb6CKt4JO9t1V96XBk4BPq8=
-11,-13,BOWoy3ZLDgeVYpGFNDPRSiKTfQI=,WQNaE8ohF+ziz50rv5ug9hszuwA=
-11,-15,BOWoy3ZLDgeVYpGFNDPRSiKTfQI=,TgBOsTZwhnVqD3J9T/HgoUiWnak=
-11,-12,BOWoy3ZLDgeVYpGFNDPRSiKTfQI=,w7KHoC/iT+EYeXbzp1MxsAHw7Do=
-10,-13,BOWoy3ZLDgeVYpGFNDPRSiKTfQI=,vgTRsb6CKt4JO9t1V96XBk4BPq8=
-10,-12,BOWoy3ZLDgeVYpGFNDPRSiKTfQI=,95KoSOK0DobzrYmMwOdq4NXYS4A=
-13,-15,BOWoy3ZLDgeVYpGFNDPRSiKTfQI=,XLFj/fPAJTHRalyC3FnPepMAomo=
-12,-14,BOWoy3ZLDgeVYpGFNDPRSiKTfQI=,WQNaE8ohF+ziz50rv5ug9hszuwA=
-13,-14,BOWoy3ZLDgeVYpGFNDPRSiKTfQI=,FbxffZWjTVIpCErma12Yeg46oZA=
-12,-15,BOWoy3ZLDgeVYpGFNDPRSiKTfQI=,TgBOsTZwhnVqD3J9T/HgoUiWnak=
-14,-15,BOWoy3ZLDgeVYpGFNDPRSiKTfQI=,XLFj/fPAJTHRalyC3FnPepMAomo=
-16,-14,BOWoy3ZLDgeVYpGFNDPRSiKTfQI=,p217fIEnjQ090pWS6bxJBwbcRaM=
-15,-14,BOWoy3ZLDgeVYpGFNDPRSiKTfQI=,p217fIEnjQ090pWS6bxJBwbcRaM=
-14,-14,BOWoy3ZLDgeVYpGFNDPRSiKTfQI=,FbxffZWjTVIpCErma12Yeg46oZA=
-16,-15,BOWoy3ZLDgeVYpGFNDPRSiKTfQI=,GaOom6XD96g9HIy4CkSlLRCiYBA=
-15,-15,BOWoy3ZLDgeVYpGFNDPRSiKTfQI=,GaOom6XD96g9HIy4CkSlLRCiYBA=
-12,-13,BOWoy3ZLDgeVYpGFNDPRSiKTfQI=,WQNaE8ohF+ziz50rv5ug9hszuwA=
-12,-12,BOWoy3ZLDgeVYpGFNDPRSiKTfQI=,w7KHoC/iT+EYeXbzp1MxsAHw7Do=
-13,-13,BOWoy3ZLDgeVYpGFNDPRSiKTfQI=,FbxffZWjTVIpCErma12Yeg46oZA=
-13,-12,BOWoy3ZLDgeVYpGFNDPRSiKTfQI=,KnT43gDKaLC52FozPb/Wfigtsgw=
-15,-13,BOWoy3ZLDgeVYpGFNDPRSiKTfQI=,p217fIEnjQ090pWS6bxJBwbcRaM=
-16,-13,8PKWA4C53xKpMhVbIjoF7FOg/YI=,p217fIEnjQ090pWS6bxJBwbcRaM=
-15,-12,8PKWA4C53xKpMhVbIjoF7FOg/YI=,GaOom6XD96g9HIy4CkSlLRCiYBA=
-16,-12,8PKWA4C53xKpMhVbIjoF7FOg/YI=,GaOom6XD96g9HIy4CkSlLRCiYBA=
-16,-10,8PKWA4C53xKpMhVbIjoF7FOg/YI=,2fEJIsvTFg/u65JyMqUB1+dHNTk=
-14,-13,8PKWA4C53xKpMhVbIjoF7FOg/YI=,FbxffZWjTVIpCErma12Yeg46oZA=
-16,-11,8PKWA4C53xKpMhVbIjoF7FOg/YI=,GaOom6XD96g9HIy4CkSlLRCiYBA=
-14,-12,8PKWA4C53xKpMhVbIjoF7FOg/YI=,KnT43gDKaLC52FozPb/Wfigtsgw=
-15,-10,8PKWA4C53xKpMhVbIjoF7FOg/YI=,2fEJIsvTFg/u65JyMqUB1+dHNTk=
-15,-11,8PKWA4C53xKpMhVbIjoF7FOg/YI=,GaOom6XD96g9HIy4CkSlLRCiYBA=
-14,-11,8PKWA4C53xKpMhVbIjoF7FOg/YI=,KnT43gDKaLC52FozPb/Wfigtsgw=
-14,-10,8PKWA4C53xKpMhVbIjoF7FOg/YI=,bMBgfpgtVwAwIZBNoTGiKvW6h6Y=
-16,-8,8PKWA4C53xKpMhVbIjoF7FOg/YI=,+e9fr06XJMOWPh7GJER3YnJhbBA=
-16,-9,8PKWA4C53xKpMhVbIjoF7FOg/YI=,2fEJIsvTFg/u65JyMqUB1+dHNTk=
-16,-7,8PKWA4C53xKpMhVbIjoF7FOg/YI=,+e9fr06XJMOWPh7GJER3YnJhbBA=
-15,-8,8PKWA4C53xKpMhVbIjoF7FOg/YI=,+e9fr06XJMOWPh7GJER3YnJhbBA=
-15,-9,8PKWA4C53xKpMhVbIjoF7FOg/YI=,2fEJIsvTFg/u65JyMqUB1+dHNTk=
-16,-6,8PKWA4C53xKpMhVbIjoF7FOg/YI=,CCWB1e6X0wQ/plFxKChJS2bohp0=
-16,-5,8PKWA4C53xKpMhVbIjoF7FOg/YI=,CCWB1e6X0wQ/plFxKChJS2bohp0=
-14,-8,8PKWA4C53xKpMhVbIjoF7FOg/YI=,az9rxdqVv4j67dLx/UMFR0GV+7E=
-16,-4,8PKWA4C53xKpMhVbIjoF7FOg/YI=,7HdvKlVaNscmKTerWg5/rmnRCOI=
-14,-9,8PKWA4C53xKpMhVbIjoF7FOg/YI=,bMBgfpgtVwAwIZBNoTGiKvW6h6Y=
-15,-6,8PKWA4C53xKpMhVbIjoF7FOg/YI=,CCWB1e6X0wQ/plFxKChJS2bohp0=
-15,-7,8PKWA4C53xKpMhVbIjoF7FOg/YI=,+e9fr06XJMOWPh7GJER3YnJhbBA=
-14,-6,8PKWA4C53xKpMhVbIjoF7FOg/YI=,ynXXwahWqVzBAKX5OGvebtn731g=
-14,-7,CTvrHcuZelOvH8BRAEFfi9KjerQ=,az9rxdqVv4j67dLx/UMFR0GV+7E=
-16,-3,CTvrHcuZelOvH8BRAEFfi9KjerQ=,7HdvKlVaNscmKTerWg5/rmnRCOI=
-16,-1,CTvrHcuZelOvH8BRAEFfi9KjerQ=,Fei8IDonAwSTQD7GvkKTQRN563Q=
-16,-2,CTvrHcuZelOvH8BRAEFfi9KjerQ=,Fei8IDonAwSTQD7GvkKTQRN563Q=
-15,-3,CTvrHcuZelOvH8BRAEFfi9KjerQ=,7HdvKlVaNscmKTerWg5/rmnRCOI=
-15,-5,CTvrHcuZelOvH8BRAEFfi9KjerQ=,CCWB1e6X0wQ/plFxKChJS2bohp0=
-15,-1,CTvrHcuZelOvH8BRAEFfi9KjerQ=,Fei8IDonAwSTQD7GvkKTQRN563Q=
-15,-4,CTvrHcuZelOvH8BRAEFfi9KjerQ=,7HdvKlVaNscmKTerWg5/rmnRCOI=
-15,-2,CTvrHcuZelOvH8BRAEFfi9KjerQ=,Fei8IDonAwSTQD7GvkKTQRN563Q=
-14,-4,CTvrHcuZelOvH8BRAEFfi9KjerQ=,g8zB1U+Q3JGgMKAV1TA33M1QE3E=
-14,-2,CTvrHcuZelOvH8BRAEFfi9KjerQ=,kUaIyoL6NQKol9fsj03DUloHx7c=
-14,-5,CTvrHcuZelOvH8BRAEFfi9KjerQ=,ynXXwahWqVzBAKX5OGvebtn731g=
-14,-1,CTvrHcuZelOvH8BRAEFfi9KjerQ=,kUaIyoL6NQKol9fsj03DUloHx7c=
-14,-3,CTvrHcuZelOvH8BRAEFfi9KjerQ=,g8zB1U+Q3JGgMKAV1TA33M1QE3E=
-12,-1,CTvrHcuZelOvH8BRAEFfi9KjerQ=,ugiogZJdnw6DnbZ388QKDLDPmZU=
-13,-1,CTvrHcuZelOvH8BRAEFfi9KjerQ=,kUaIyoL6NQKol9fsj03DUloHx7c=
-12,-3,QQeeqKVWJsLLgWdI1taTxvaH40M=,HyldukZrjprQhjB7YWg9AsCARBU=
-12,-2,QQeeqKVWJsLLgWdI1taTxvaH40M=,ugiogZJdnw6DnbZ388QKDLDPmZU=
-13,-2,QQeeqKVWJsLLgWdI1taTxvaH40M=,kUaIyoL6NQKol9fsj03DUloHx7c=
-13,-3,QQeeqKVWJsLLgWdI1taTxvaH40M=,g8zB1U+Q3JGgMKAV1TA33M1QE3E=
-8,-1,QQeeqKVWJsLLgWdI1taTxvaH40M=,ZaiFReg4KK3yx2zwfpAxRYO6wwU=
-12,-5,QQeeqKVWJsLLgWdI1taTxvaH40M=,HyldukZrjprQhjB7YWg9AsCARBU=
-11,-1,QQeeqKVWJsLLgWdI1taTxvaH40M=,ugiogZJdnw6DnbZ388QKDLDPmZU=
-11,-3,QQeeqKVWJsLLgWdI1taTxvaH40M=,HyldukZrjprQhjB7YWg9AsCARBU=
-12,-4,QQeeqKVWJsLLgWdI1taTxvaH40M=,HyldukZrjprQhjB7YWg9AsCARBU=
-10,-1,QQeeqKVWJsLLgWdI1taTxvaH40M=,dwvfTEevBMVjhgdg1rgnbPuR5t4=
-11,-2,QQeeqKVWJsLLgWdI1taTxvaH40M=,ugiogZJdnw6DnbZ388QKDLDPmZU=
-8,-2,QQeeqKVWJsLLgWdI1taTxvaH40M=,ZaiFReg4KK3yx2zwfpAxRYO6wwU=
-9,-1,QQeeqKVWJsLLgWdI1taTxvaH40M=,dwvfTEevBMVjhgdg1rgnbPuR5t4=
-13,-4,QQeeqKVWJsLLgWdI1taTxvaH40M=,g8zB1U+Q3JGgMKAV1TA33M1QE3E=
-13,-5,QQeeqKVWJsLLgWdI1taTxvaH40M=,ynXXwahWqVzBAKX5OGvebtn731g=
-8,-3,QQeeqKVWJsLLgWdI1taTxvaH40M=,3hwUMNnb57hdUL+XgBQ8sAHuuYs=
-11,-5,QQeeqKVWJsLLgWdI1taTxvaH40M=,HyldukZrjprQhjB7YWg9AsCARBU=
-10,-3,QQeeqKVWJsLLgWdI1taTxvaH40M=,HyldukZrjprQhjB7YWg9AsCARBU=
-9,-3,QQeeqKVWJsLLgWdI1taTxvaH40M=,HyldukZrjprQhjB7YWg9AsCARBU=
-8,-4,QQeeqKVWJsLLgWdI1taTxvaH40M=,3hwUMNnb57hdUL+XgBQ8sAHuuYs=
-10,-2,QQeeqKVWJsLLgWdI1taTxvaH40M=,dwvfTEevBMVjhgdg1rgnbPuR5t4=
-8,-5,QQeeqKVWJsLLgWdI1taTxvaH40M=,hPecHpNi1J0vKuXDaC9OntijXc4=
-11,-4,QQeeqKVWJsLLgWdI1taTxvaH40M=,HyldukZrjprQhjB7YWg9AsCARBU=
-9,-2,QQeeqKVWJsLLgWdI1taTxvaH40M=,dwvfTEevBMVjhgdg1rgnbPuR5t4=
-10,-4,QQeeqKVWJsLLgWdI1taTxvaH40M=,HyldukZrjprQhjB7YWg9AsCARBU=
-9,-4,QQeeqKVWJsLLgWdI1taTxvaH40M=,HyldukZrjprQhjB7YWg9AsCARBU=
-10,-5,QQeeqKVWJsLLgWdI1taTxvaH40M=,HyldukZrjprQhjB7YWg9AsCARBU=
-9,-5,QQeeqKVWJsLLgWdI1taTxvaH40M=,HyldukZrjprQhjB7YWg9AsCARBU=
-12,-6,QQeeqKVWJsLLgWdI1taTxvaH40M=,HyldukZrjprQhjB7YWg9AsCARBU=
-11,-7,QQeeqKVWJsLLgWdI1taTxvaH40M=,WTtWmOdf62S+rJXsfBPY9lHP0Ok=
-12,-7,QQeeqKVWJsLLgWdI1taTxvaH40M=,WTtWmOdf62S+rJXsfBPY9lHP0Ok=
-11,-6,QQeeqKVWJsLLgWdI1taTxvaH40M=,HyldukZrjprQhjB7YWg9AsCARBU=
-13,-6,QQeeqKVWJsLLgWdI1taTxvaH40M=,ynXXwahWqVzBAKX5OGvebtn731g=
-8,-6,QQeeqKVWJsLLgWdI1taTxvaH40M=,hPecHpNi1J0vKuXDaC9OntijXc4=
-13,-7,QQeeqKVWJsLLgWdI1taTxvaH40M=,az9rxdqVv4j67dLx/UMFR0GV+7E=
-11,-9,QQeeqKVWJsLLgWdI1taTxvaH40M=,F2hmknPbFnt59C1W6IrNDczRh9E=
-8,-9,SsTAELGM8qJgGEAzNohiAUDziDI=,KLYM4FyLaBIk2sQ0BsV83yXeY64=
-12,-9,SsTAELGM8qJgGEAzNohiAUDziDI=,F2hmknPbFnt59C1W6IrNDczRh9E=
-8,-7,SsTAELGM8qJgGEAzNohiAUDziDI=,2dKUjj4+UIpbRRPifuTVhp7VjGw=
-11,-10,SsTAELGM8qJgGEAzNohiAUDziDI=,F2hmknPbFnt59C1W6IrNDczRh9E=
-5,-15,SsTAELGM8qJgGEAzNohiAUDziDI=,JIQKUYrxUZEap7696D37JefXqGQ=
-8,-8,SsTAELGM8qJgGEAzNohiAUDziDI=,2dKUjj4+UIpbRRPifuTVhp7VjGw=
-11,-8,SsTAELGM8qJgGEAzNohiAUDziDI=,WTtWmOdf62S+rJXsfBPY9lHP0Ok=
-6,-15,SsTAELGM8qJgGEAzNohiAUDziDI=,JIQKUYrxUZEap7696D37JefXqGQ=
-9,-8,SsTAELGM8qJgGEAzNohiAUDziDI=,2dKUjj4+UIpbRRPifuTVhp7VjGw=
-12,-10,SsTAELGM8qJgGEAzNohiAUDziDI=,F2hmknPbFnt59C1W6IrNDczRh9E=
-10,-7,SsTAELGM8qJgGEAzNohiAUDziDI=,2dKUjj4+UIpbRRPifuTVhp7VjGw=
-4,-13,SsTAELGM8qJgGEAzNohiAUDziDI=,wT3ObV0JjB4KJE0oDMX4ixqBfq4=
-12,-8,SsTAELGM8qJgGEAzNohiAUDziDI=,WTtWmOdf62S+rJXsfBPY9lHP0Ok=
-9,-7,SsTAELGM8qJgGEAzNohiAUDziDI=,2dKUjj4+UIpbRRPifuTVhp7VjGw=
-4,-14,SsTAELGM8qJgGEAzNohiAUDziDI=,wT3ObV0JjB4KJE0oDMX4ixqBfq4=
-11,-11,SsTAELGM8qJgGEAzNohiAUDziDI=,w7KHoC/iT+EYeXbzp1MxsAHw7Do=
-9,-9,SsTAELGM8qJgGEAzNohiAUDziDI=,KLYM4FyLaBIk2sQ0BsV83yXeY64=
-12,-11,SsTAELGM8qJgGEAzNohiAUDziDI=,w7KHoC/iT+EYeXbzp1MxsAHw7Do=
-7,-14,SsTAELGM8qJgGEAzNohiAUDziDI=,Nm6vur/KRBorQrymOzzAEyouQkQ=
-10,-6,SsTAELGM8qJgGEAzNohiAUDziDI=,HyldukZrjprQhjB7YWg9AsCARBU=
-10,-8,SsTAELGM8qJgGEAzNohiAUDziDI=,2dKUjj4+UIpbRRPifuTVhp7VjGw=
-7,-13,SsTAELGM8qJgGEAzNohiAUDziDI=,Nm6vur/KRBorQrymOzzAEyouQkQ=
-10,-10,SsTAELGM8qJgGEAzNohiAUDziDI=,KLYM4FyLaBIk2sQ0BsV83yXeY64=
-9,-6,SsTAELGM8qJgGEAzNohiAUDziDI=,HyldukZrjprQhjB7YWg9AsCARBU=
-4,-12,SsTAELGM8qJgGEAzNohiAUDziDI=,44O4T0Fqavpf30rvnqKrbQiRqp0=
-10,-9,SsTAELGM8qJgGEAzNohiAUDziDI=,KLYM4FyLaBIk2sQ0BsV83yXeY64=
-7,-12,SsTAELGM8qJgGEAzNohiAUDziDI=,2icWkuk+7yuNcN2Ph08k+b642Rc=
-10,-11,SsTAELGM8qJgGEAzNohiAUDziDI=,95KoSOK0DobzrYmMwOdq4NXYS4A=
-4,-15,SsTAELGM8qJgGEAzNohiAUDziDI=,3Rwx4mVEKbKHIjp+q4SXZwC+LT4=
-6,-12,SsTAELGM8qJgGEAzNohiAUDziDI=,LGUshgkQMUdsqwss5MeEygy58cQ=
-13,-11,SsTAELGM8qJgGEAzNohiAUDziDI=,KnT43gDKaLC52FozPb/Wfigtsgw=
-13,-8,SsTAELGM8qJgGEAzNohiAUDziDI=,az9rxdqVv4j67dLx/UMFR0GV+7E=
-5,-12,SsTAELGM8qJgGEAzNohiAUDziDI=,LGUshgkQMUdsqwss5MeEygy58cQ=
-13,-10,SsTAELGM8qJgGEAzNohiAUDziDI=,bMBgfpgtVwAwIZBNoTGiKvW6h6Y=
-6,-14,SsTAELGM8qJgGEAzNohiAUDziDI=,UfbHPvDvrZIs73KdJge9ScyxCUk=
-13,-9,SsTAELGM8qJgGEAzNohiAUDziDI=,bMBgfpgtVwAwIZBNoTGiKvW6h6Y=
-5,-14,SsTAELGM8qJgGEAzNohiAUDziDI=,UfbHPvDvrZIs73KdJge9ScyxCUk=
-6,-13,SsTAELGM8qJgGEAzNohiAUDziDI=,UfbHPvDvrZIs73KdJge9ScyxCUk=
-5,-13,SsTAELGM8qJgGEAzNohiAUDziDI=,UfbHPvDvrZIs73KdJge9ScyxCUk=
-7,-15,SsTAELGM8qJgGEAzNohiAUDziDI=,b3P+Li1YEhGFtM5RB9A9FKWiP5Q=
-29,-10,ILF7kXHPv0wutFY9mTuDbZIxMYo=,rZz+oDTw116hEd37a8sWQCF5YM8=
-30,-10,ILF7kXHPv0wutFY9mTuDbZIxMYo=,rZz+oDTw116hEd37a8sWQCF5YM8=
-29,-13,ILF7kXHPv0wutFY9mTuDbZIxMYo=,rZz+oDTw116hEd37a8sWQCF5YM8=
-29,-9,ILF7kXHPv0wutFY9mTuDbZIxMYo=,rZz+oDTw116hEd37a8sWQCF5YM8=
-30,-13,ILF7kXHPv0wutFY9mTuDbZIxMYo=,rZz+oDTw116hEd37a8sWQCF5YM8=
-30,-9,ILF7kXHPv0wutFY9mTuDbZIxMYo=,rZz+oDTw116hEd37a8sWQCF5YM8=
-29,-14,ILF7kXHPv0wutFY9mTuDbZIxMYo=,rZz+oDTw116hEd37a8sWQCF5YM8=
-30,-14,ILF7kXHPv0wutFY9mTuDbZIxMYo=,rZz+oDTw116hEd37a8sWQCF5YM8=
-28,-3,ILF7kXHPv0wutFY9mTuDbZIxMYo=,rZz+oDTw116hEd37a8sWQCF5YM8=
-26,-5,ILF7kXHPv0wutFY9mTuDbZIxMYo=,rZz+oDTw116hEd37a8sWQCF5YM8=
-28,-4,ILF7kXHPv0wutFY9mTuDbZIxMYo=,rZz+oDTw116hEd37a8sWQCF5YM8=
-24,-13,ILF7kXHPv0wutFY9mTuDbZIxMYo=,rZz+oDTw116hEd37a8sWQCF5YM8=
-26,-6,ILF7kXHPv0wutFY9mTuDbZIxMYo=,rZz+oDTw116hEd37a8sWQCF5YM8=
-27,-3,ILF7kXHPv0wutFY9mTuDbZIxMYo=,rZz+oDTw116hEd37a8sWQCF5YM8=
-23,-14,ILF7kXHPv0wutFY9mTuDbZIxMYo=,rZz+oDTw116hEd37a8sWQCF5YM8=
-27,-4,ILF7kXHPv0wutFY9mTuDbZIxMYo=,rZz+oDTw116hEd37a8sWQCF5YM8=
-24,-14,ILF7kXHPv0wutFY9mTuDbZIxMYo=,rZz+oDTw116hEd37a8sWQCF5YM8=
-24,-4,ILF7kXHPv0wutFY9mTuDbZIxMYo=,tzAeMXTkir/dJg6doaTD4Kk4D78=
-24,-10,ILF7kXHPv0wutFY9mTuDbZIxMYo=,xWgA5zytWtzwXvAgnpVJ25CWHxY=
-24,-1,ILF7kXHPv0wutFY9mTuDbZIxMYo=,tzAeMXTkir/dJg6doaTD4Kk4D78=
-25,-5,ILF7kXHPv0wutFY9mTuDbZIxMYo=,rZz+oDTw116hEd37a8sWQCF5YM8=
-24,-6,ILF7kXHPv0wutFY9mTuDbZIxMYo=,xWgA5zytWtzwXvAgnpVJ25CWHxY=
-24,-5,ILF7kXHPv0wutFY9mTuDbZIxMYo=,xWgA5zytWtzwXvAgnpVJ25CWHxY=
-24,-2,ILF7kXHPv0wutFY9mTuDbZIxMYo=,tzAeMXTkir/dJg6doaTD4Kk4D78=
-25,-6,ILF7kXHPv0wutFY9mTuDbZIxMYo=,rZz+oDTw116hEd37a8sWQCF5YM8=
-24,-3,ILF7kXHPv0wutFY9mTuDbZIxMYo=,tzAeMXTkir/dJg6doaTD4Kk4D78=
-24,-9,ILF7kXHPv0wutFY9mTuDbZIxMYo=,xWgA5zytWtzwXvAgnpVJ25CWHxY=
-24,-7,ILF7kXHPv0wutFY9mTuDbZIxMYo=,m4FX4fYrO8Kp936+7LyX+VqaLMQ=
-24,-8,ILF7kXHPv0wutFY9mTuDbZIxMYo=,m4FX4fYrO8Kp936+7LyX+VqaLMQ=
-23,-1,ILF7kXHPv0wutFY9mTuDbZIxMYo=,tzAeMXTkir/dJg6doaTD4Kk4D78=
-22,-1,ILF7kXHPv0wutFY9mTuDbZIxMYo=,t4w392maDCpZb3wB06F6r07pPjg=
-17,-1,rtVjPyN0kChJJpxeInA17g/Iss0=,KltJSqVk+oL7cx6u7AZnGUXGEAM=
-18,-1,rtVjPyN0kChJJpxeInA17g/Iss0=,KltJSqVk+oL7cx6u7AZnGUXGEAM=
-17,-3,rtVjPyN0kChJJpxeInA17g/Iss0=,8S5gbQcDahZRi9zcHwcZ7/iedzk=
-21,-1,rtVjPyN0kChJJpxeInA17g/Iss0=,t4w392maDCpZb3wB06F6r07pPjg=
-17,-2,rtVjPyN0kChJJpxeInA17g/Iss0=,KltJSqVk+oL7cx6u7AZnGUXGEAM=
-19,-1,rtVjPyN0kChJJpxeInA17g/Iss0=,g8zB1U+Q3JGgMKAV1TA33M1QE3E=
-20,-1,rtVjPyN0kChJJpxeInA17g/Iss0=,g8zB1U+Q3JGgMKAV1TA33M1QE3E=
-19,-3,rtVjPyN0kChJJpxeInA17g/Iss0=,IoP5pVYYB3JTopJ5jgjpDF1MPk4=
-19,-2,rtVjPyN0kChJJpxeInA17g/Iss0=,g8zB1U+Q3JGgMKAV1TA33M1QE3E=
-18,-3,rtVjPyN0kChJJpxeInA17g/Iss0=,8S5gbQcDahZRi9zcHwcZ7/iedzk=
-17,-5,rtVjPyN0kChJJpxeInA17g/Iss0=,jbXWD60Ou9D/+JTsXngafAJZOs8=
-18,-2,rtVjPyN0kChJJpxeInA17g/Iss0=,KltJSqVk+oL7cx6u7AZnGUXGEAM=
-17,-4,rtVjPyN0kChJJpxeInA17g/Iss0=,8S5gbQcDahZRi9zcHwcZ7/iedzk=
-18,-5,rtVjPyN0kChJJpxeInA17g/Iss0=,jbXWD60Ou9D/+JTsXngafAJZOs8=
-17,-6,rtVjPyN0kChJJpxeInA17g/Iss0=,jbXWD60Ou9D/+JTsXngafAJZOs8=
-19,-4,rtVjPyN0kChJJpxeInA17g/Iss0=,IoP5pVYYB3JTopJ5jgjpDF1MPk4=
-17,-7,rtVjPyN0kChJJpxeInA17g/Iss0=,JhEK67aIbwmVdequFhFvDAWhOf4=
-19,-5,rtVjPyN0kChJJpxeInA17g/Iss0=,IoP5pVYYB3JTopJ5jgjpDF1MPk4=
-18,-4,rtVjPyN0kChJJpxeInA17g/Iss0=,8S5gbQcDahZRi9zcHwcZ7/iedzk=
-18,-6,+ZdZLfqlBtNkby8KDUerHih/Sjs=,jbXWD60Ou9D/+JTsXngafAJZOs8=
-19,-7,+ZdZLfqlBtNkby8KDUerHih/Sjs=,NsDoUrib7hg8gdV2ilJMwZEWHXU=
-19,-6,+ZdZLfqlBtNkby8KDUerHih/Sjs=,IoP5pVYYB3JTopJ5jgjpDF1MPk4=
-18,-7,+ZdZLfqlBtNkby8KDUerHih/Sjs=,JhEK67aIbwmVdequFhFvDAWhOf4=
-17,-9,+ZdZLfqlBtNkby8KDUerHih/Sjs=,IUSXF3IYij8iqXmE/PJg+uNCCp4=
-17,-8,+ZdZLfqlBtNkby8KDUerHih/Sjs=,JhEK67aIbwmVdequFhFvDAWhOf4=
-20,-14,+ZdZLfqlBtNkby8KDUerHih/Sjs=,Zfvt0OJbKCVUpGz+96xrCKwaoZ0=
-19,-8,+ZdZLfqlBtNkby8KDUerHih/Sjs=,NsDoUrib7hg8gdV2ilJMwZEWHXU=
-18,-9,+ZdZLfqlBtNkby8KDUerHih/Sjs=,IUSXF3IYij8iqXmE/PJg+uNCCp4=
-19,-9,+ZdZLfqlBtNkby8KDUerHih/Sjs=,FbxffZWjTVIpCErma12Yeg46oZA=
-17,-10,+ZdZLfqlBtNkby8KDUerHih/Sjs=,IUSXF3IYij8iqXmE/PJg+uNCCp4=
-18,-8,+ZdZLfqlBtNkby8KDUerHih/Sjs=,JhEK67aIbwmVdequFhFvDAWhOf4=
-23,-13,+ZdZLfqlBtNkby8KDUerHih/Sjs=,rZz+oDTw116hEd37a8sWQCF5YM8=
-22,-12,+ZdZLfqlBtNkby8KDUerHih/Sjs=,oN9i7c6bsiMPdVGOAQi/X59DvGQ=
-17,-11,+ZdZLfqlBtNkby8KDUerHih/Sjs=,IUSXF3IYij8iqXmE/PJg+uNCCp4=
-19,-14,+ZdZLfqlBtNkby8KDUerHih/Sjs=,Zfvt0OJbKCVUpGz+96xrCKwaoZ0=
-17,-14,+ZdZLfqlBtNkby8KDUerHih/Sjs=,BQ1ma8dpjsfCjPaEnEf+lx9lBg4=
-18,-14,+ZdZLfqlBtNkby8KDUerHih/Sjs=,BQ1ma8dpjsfCjPaEnEf+lx9lBg4=
-21,-10,+ZdZLfqlBtNkby8KDUerHih/Sjs=,B2hvBSPY/2KdTnO1XZusf+ZRUeQ=
-17,-12,+ZdZLfqlBtNkby8KDUerHih/Sjs=,IUSXF3IYij8iqXmE/PJg+uNCCp4=
-22,-10,+ZdZLfqlBtNkby8KDUerHih/Sjs=,B2hvBSPY/2KdTnO1XZusf+ZRUeQ=
-18,-10,+ZdZLfqlBtNkby8KDUerHih/Sjs=,IUSXF3IYij8iqXmE/PJg+uNCCp4=
-17,-13,+ZdZLfqlBtNkby8KDUerHih/Sjs=,BQ1ma8dpjsfCjPaEnEf+lx9lBg4=
-20,-10,+ZdZLfqlBtNkby8KDUerHih/Sjs=,FbxffZWjTVIpCErma12Yeg46oZA=
-23,-10,+ZdZLfqlBtNkby8KDUerHih/Sjs=,xWgA5zytWtzwXvAgnpVJ25CWHxY=
-21,-11,+ZdZLfqlBtNkby8KDUerHih/Sjs=,oN9i7c6bsiMPdVGOAQi/X59DvGQ=
-22,-11,+ZdZLfqlBtNkby8KDUerHih/Sjs=,oN9i7c6bsiMPdVGOAQi/X59DvGQ=
-20,-11,+ZdZLfqlBtNkby8KDUerHih/Sjs=,JnJv1jP6M+Z8DGET89I1Pkcc+ic=
-19,-12,+ZdZLfqlBtNkby8KDUerHih/Sjs=,JnJv1jP6M+Z8DGET89I1Pkcc+ic=
-20,-12,+ZdZLfqlBtNkby8KDUerHih/Sjs=,JnJv1jP6M+Z8DGET89I1Pkcc+ic=
-21,-9,+ZdZLfqlBtNkby8KDUerHih/Sjs=,B2hvBSPY/2KdTnO1XZusf+ZRUeQ=
-22,-9,+ZdZLfqlBtNkby8KDUerHih/Sjs=,B2hvBSPY/2KdTnO1XZusf+ZRUeQ=
-23,-9,+ZdZLfqlBtNkby8KDUerHih/Sjs=,xWgA5zytWtzwXvAgnpVJ25CWHxY=
-19,-11,+ZdZLfqlBtNkby8KDUerHih/Sjs=,JnJv1jP6M+Z8DGET89I1Pkcc+ic=
-21,-8,+ZdZLfqlBtNkby8KDUerHih/Sjs=,hpONBxIuVuX/Iw/9GgnBxMxlf+c=
-19,-10,+ZdZLfqlBtNkby8KDUerHih/Sjs=,FbxffZWjTVIpCErma12Yeg46oZA=
-19,-13,+ZdZLfqlBtNkby8KDUerHih/Sjs=,Zfvt0OJbKCVUpGz+96xrCKwaoZ0=
-20,-8,+ZdZLfqlBtNkby8KDUerHih/Sjs=,NsDoUrib7hg8gdV2ilJMwZEWHXU=
-18,-12,+ZdZLfqlBtNkby8KDUerHih/Sjs=,IUSXF3IYij8iqXmE/PJg+uNCCp4=
-20,-13,+ZdZLfqlBtNkby8KDUerHih/Sjs=,Zfvt0OJbKCVUpGz+96xrCKwaoZ0=
-21,-12,+ZdZLfqlBtNkby8KDUerHih/Sjs=,oN9i7c6bsiMPdVGOAQi/X59DvGQ=
-23,-8,+ZdZLfqlBtNkby8KDUerHih/Sjs=,m4FX4fYrO8Kp936+7LyX+VqaLMQ=
-23,-6,+ZdZLfqlBtNkby8KDUerHih/Sjs=,xWgA5zytWtzwXvAgnpVJ25CWHxY=
-18,-11,+ZdZLfqlBtNkby8KDUerHih/Sjs=,IUSXF3IYij8iqXmE/PJg+uNCCp4=
-23,-4,+ZdZLfqlBtNkby8KDUerHih/Sjs=,tzAeMXTkir/dJg6doaTD4Kk4D78=
-22,-8,+ZdZLfqlBtNkby8KDUerHih/Sjs=,hpONBxIuVuX/Iw/9GgnBxMxlf+c=
-23,-3,+ZdZLfqlBtNkby8KDUerHih/Sjs=,tzAeMXTkir/dJg6doaTD4Kk4D78=
-21,-7,+ZdZLfqlBtNkby8KDUerHih/Sjs=,hpONBxIuVuX/Iw/9GgnBxMxlf+c=
-18,-13,+ZdZLfqlBtNkby8KDUerHih/Sjs=,BQ1ma8dpjsfCjPaEnEf+lx9lBg4=
-20,-9,+ZdZLfqlBtNkby8KDUerHih/Sjs=,FbxffZWjTVIpCErma12Yeg46oZA=
-20,-3,+ZdZLfqlBtNkby8KDUerHih/Sjs=,IoP5pVYYB3JTopJ5jgjpDF1MPk4=
-21,-6,+ZdZLfqlBtNkby8KDUerHih/Sjs=,jbRzIixwyd+zyvvMSue9JBqsY7Y=
-23,-7,+ZdZLfqlBtNkby8KDUerHih/Sjs=,m4FX4fYrO8Kp936+7LyX+VqaLMQ=
-21,-5,+ZdZLfqlBtNkby8KDUerHih/Sjs=,jbRzIixwyd+zyvvMSue9JBqsY7Y=
-22,-7,+ZdZLfqlBtNkby8KDUerHih/Sjs=,hpONBxIuVuX/Iw/9GgnBxMxlf+c=
-22,-5,+ZdZLfqlBtNkby8KDUerHih/Sjs=,jbRzIixwyd+zyvvMSue9JBqsY7Y=
-20,-7,+ZdZLfqlBtNkby8KDUerHih/Sjs=,NsDoUrib7hg8gdV2ilJMwZEWHXU=
-20,-2,+ZdZLfqlBtNkby8KDUerHih/Sjs=,g8zB1U+Q3JGgMKAV1TA33M1QE3E=
-22,-6,+ZdZLfqlBtNkby8KDUerHih/Sjs=,jbRzIixwyd+zyvvMSue9JBqsY7Y=
-20,-4,+ZdZLfqlBtNkby8KDUerHih/Sjs=,IoP5pVYYB3JTopJ5jgjpDF1MPk4=
-23,-2,+ZdZLfqlBtNkby8KDUerHih/Sjs=,tzAeMXTkir/dJg6doaTD4Kk4D78=
-20,-6,+ZdZLfqlBtNkby8KDUerHih/Sjs=,IoP5pVYYB3JTopJ5jgjpDF1MPk4=
-21,-3,+ZdZLfqlBtNkby8KDUerHih/Sjs=,t4w392maDCpZb3wB06F6r07pPjg=
-22,-3,/7MZkHXtyRLOBUY7bKRnaYfHuBs=,t4w392maDCpZb3wB06F6r07pPjg=
-21,-4,/7MZkHXtyRLOBUY7bKRnaYfHuBs=,t4w392maDCpZb3wB06F6r07pPjg=
-20,-5,/7MZkHXtyRLOBUY7bKRnaYfHuBs=,IoP5pVYYB3JTopJ5jgjpDF1MPk4=
-22,-4,/7MZkHXtyRLOBUY7bKRnaYfHuBs=,t4w392maDCpZb3wB06F6r07pPjg=
-23,-5,/7MZkHXtyRLOBUY7bKRnaYfHuBs=,xWgA5zytWtzwXvAgnpVJ25CWHxY=
-21,-2,/7MZkHXtyRLOBUY7bKRnaYfHuBs=,t4w392maDCpZb3wB06F6r07pPjg=
-22,-2,/7MZkHXtyRLOBUY7bKRnaYfHuBs=,t4w392maDCpZb3wB06F6r07pPjg=
-8,-28,oGGjDa50zGVQEqWvih0XRuphJgk=,rZz+oDTw116hEd37a8sWQCF5YM8=
-13,-24,oGGjDa50zGVQEqWvih0XRuphJgk=,rZz+oDTw116hEd37a8sWQCF5YM8=
-7,-28,oGGjDa50zGVQEqWvih0XRuphJgk=,rZz+oDTw116hEd37a8sWQCF5YM8=
-7,-27,oGGjDa50zGVQEqWvih0XRuphJgk=,rZz+oDTw116hEd37a8sWQCF5YM8=
-3,-29,oGGjDa50zGVQEqWvih0XRuphJgk=,rZz+oDTw116hEd37a8sWQCF5YM8=
-14,-24,oGGjDa50zGVQEqWvih0XRuphJgk=,rZz+oDTw116hEd37a8sWQCF5YM8=
-8,-27,oGGjDa50zGVQEqWvih0XRuphJgk=,rZz+oDTw116hEd37a8sWQCF5YM8=
-4,-29,oGGjDa50zGVQEqWvih0XRuphJgk=,rZz+oDTw116hEd37a8sWQCF5YM8=
-7,-24,oGGjDa50zGVQEqWvih0XRuphJgk=,rZz+oDTw116hEd37a8sWQCF5YM8=
-13,-29,oGGjDa50zGVQEqWvih0XRuphJgk=,rZz+oDTw116hEd37a8sWQCF5YM8=
-14,-23,oGGjDa50zGVQEqWvih0XRuphJgk=,rZz+oDTw116hEd37a8sWQCF5YM8=
-8,-24,oGGjDa50zGVQEqWvih0XRuphJgk=,rZz+oDTw116hEd37a8sWQCF5YM8=
-8,-23,oGGjDa50zGVQEqWvih0XRuphJgk=,rZz+oDTw116hEd37a8sWQCF5YM8=
-14,-29,oGGjDa50zGVQEqWvih0XRuphJgk=,rZz+oDTw116hEd37a8sWQCF5YM8=
-13,-23,oGGjDa50zGVQEqWvih0XRuphJgk=,rZz+oDTw116hEd37a8sWQCF5YM8=
-7,-23,oGGjDa50zGVQEqWvih0XRuphJgk=,rZz+oDTw116hEd37a8sWQCF5YM8=
-13,-30,oGGjDa50zGVQEqWvih0XRuphJgk=,rZz+oDTw116hEd37a8sWQCF5YM8=
-3,-22,oGGjDa50zGVQEqWvih0XRuphJgk=,rZz+oDTw116hEd37a8sWQCF5YM8=
-3,-32,oGGjDa50zGVQEqWvih0XRuphJgk=,rZz+oDTw116hEd37a8sWQCF5YM8=
-14,-20,oGGjDa50zGVQEqWvih0XRuphJgk=,kUaIyoL6NQKol9fsj03DUloHx7c=
-14,-30,oGGjDa50zGVQEqWvih0XRuphJgk=,rZz+oDTw116hEd37a8sWQCF5YM8=
-4,-22,oGGjDa50zGVQEqWvih0XRuphJgk=,rZz+oDTw116hEd37a8sWQCF5YM8=
-3,-31,oGGjDa50zGVQEqWvih0XRuphJgk=,rZz+oDTw116hEd37a8sWQCF5YM8=
-14,-19,oGGjDa50zGVQEqWvih0XRuphJgk=,kUaIyoL6NQKol9fsj03DUloHx7c=
-4,-32,oGGjDa50zGVQEqWvih0XRuphJgk=,rZz+oDTw116hEd37a8sWQCF5YM8=
-3,-30,oGGjDa50zGVQEqWvih0XRuphJgk=,rZz+oDTw116hEd37a8sWQCF5YM8=
-14,-17,oGGjDa50zGVQEqWvih0XRuphJgk=,XLFj/fPAJTHRalyC3FnPepMAomo=
-4,-30,oGGjDa50zGVQEqWvih0XRuphJgk=,rZz+oDTw116hEd37a8sWQCF5YM8=
-4,-31,oGGjDa50zGVQEqWvih0XRuphJgk=,rZz+oDTw116hEd37a8sWQCF5YM8=
-14,-18,oGGjDa50zGVQEqWvih0XRuphJgk=,XLFj/fPAJTHRalyC3FnPepMAomo=
-12,-20,oGGjDa50zGVQEqWvih0XRuphJgk=,ugiogZJdnw6DnbZ388QKDLDPmZU=
-13,-20,oGGjDa50zGVQEqWvih0XRuphJgk=,kUaIyoL6NQKol9fsj03DUloHx7c=
-10,-20,oGGjDa50zGVQEqWvih0XRuphJgk=,XwiO93H5gZKMVUtyCGLLAxIW9sE=
-11,-20,oGGjDa50zGVQEqWvih0XRuphJgk=,ugiogZJdnw6DnbZ388QKDLDPmZU=
-12,-19,oGGjDa50zGVQEqWvih0XRuphJgk=,ugiogZJdnw6DnbZ388QKDLDPmZU=
-8,-20,oGGjDa50zGVQEqWvih0XRuphJgk=,6duZjBVhgQbfMC4Bz0ojjWTH7O8=
-13,-19,oGGjDa50zGVQEqWvih0XRuphJgk=,kUaIyoL6NQKol9fsj03DUloHx7c=
-10,-19,oGGjDa50zGVQEqWvih0XRuphJgk=,XwiO93H5gZKMVUtyCGLLAxIW9sE=
-12,-18,oGGjDa50zGVQEqWvih0XRuphJgk=,4Z6NkiK+P3lF9Nta1SHuJHRWQHg=
-9,-20,oGGjDa50zGVQEqWvih0XRuphJgk=,XwiO93H5gZKMVUtyCGLLAxIW9sE=
-11,-18,oGGjDa50zGVQEqWvih0XRuphJgk=,4Z6NkiK+P3lF9Nta1SHuJHRWQHg=
-12,-17,oGGjDa50zGVQEqWvih0XRuphJgk=,4Z6NkiK+P3lF9Nta1SHuJHRWQHg=
-13,-17,oGGjDa50zGVQEqWvih0XRuphJgk=,XLFj/fPAJTHRalyC3FnPepMAomo=
-13,-18,oGGjDa50zGVQEqWvih0XRuphJgk=,XLFj/fPAJTHRalyC3FnPepMAomo=
-11,-17,oGGjDa50zGVQEqWvih0XRuphJgk=,4Z6NkiK+P3lF9Nta1SHuJHRWQHg=
-10,-18,oGGjDa50zGVQEqWvih0XRuphJgk=,u2EbZZX7x7wnGBFMVNDaGOa8Jts=
-10,-17,oGGjDa50zGVQEqWvih0XRuphJgk=,u2EbZZX7x7wnGBFMVNDaGOa8Jts=
-11,-19,oGGjDa50zGVQEqWvih0XRuphJgk=,ugiogZJdnw6DnbZ388QKDLDPmZU=
-7,-20,uqk5FZ74Nnd8J4uT82Nat8ATVXM=,6duZjBVhgQbfMC4Bz0ojjWTH7O8=
-6,-20,uqk5FZ74Nnd8J4uT82Nat8ATVXM=,R2+xy4Ar37F36lBBBCBZr4t+tpM=
-9,-19,uqk5FZ74Nnd8J4uT82Nat8ATVXM=,XwiO93H5gZKMVUtyCGLLAxIW9sE=
-8,-19,uqk5FZ74Nnd8J4uT82Nat8ATVXM=,6duZjBVhgQbfMC4Bz0ojjWTH7O8=
-8,-17,uqk5FZ74Nnd8J4uT82Nat8ATVXM=,6duZjBVhgQbfMC4Bz0ojjWTH7O8=
-4,-20,uqk5FZ74Nnd8J4uT82Nat8ATVXM=,607+u7jgqGYfsjSeIxKg5WXIHwE=
-8,-18,uqk5FZ74Nnd8J4uT82Nat8ATVXM=,6duZjBVhgQbfMC4Bz0ojjWTH7O8=
-7,-17,uqk5FZ74Nnd8J4uT82Nat8ATVXM=,6duZjBVhgQbfMC4Bz0ojjWTH7O8=
-4,-21,uqk5FZ74Nnd8J4uT82Nat8ATVXM=,rZz+oDTw116hEd37a8sWQCF5YM8=
-5,-20,uqk5FZ74Nnd8J4uT82Nat8ATVXM=,R2+xy4Ar37F36lBBBCBZr4t+tpM=
-9,-17,uqk5FZ74Nnd8J4uT82Nat8ATVXM=,u2EbZZX7x7wnGBFMVNDaGOa8Jts=
-7,-18,uqk5FZ74Nnd8J4uT82Nat8ATVXM=,6duZjBVhgQbfMC4Bz0ojjWTH7O8=
-9,-18,uqk5FZ74Nnd8J4uT82Nat8ATVXM=,u2EbZZX7x7wnGBFMVNDaGOa8Jts=
-6,-18,uqk5FZ74Nnd8J4uT82Nat8ATVXM=,R2+xy4Ar37F36lBBBCBZr4t+tpM=
-3,-20,uqk5FZ74Nnd8J4uT82Nat8ATVXM=,607+u7jgqGYfsjSeIxKg5WXIHwE=
-3,-21,uqk5FZ74Nnd8J4uT82Nat8ATVXM=,rZz+oDTw116hEd37a8sWQCF5YM8=
-4,-19,uqk5FZ74Nnd8J4uT82Nat8ATVXM=,607+u7jgqGYfsjSeIxKg5WXIHwE=
-1,-20,uqk5FZ74Nnd8J4uT82Nat8ATVXM=,607+u7jgqGYfsjSeIxKg5WXIHwE=
-2,-20,uqk5FZ74Nnd8J4uT82Nat8ATVXM=,607+u7jgqGYfsjSeIxKg5WXIHwE=
-7,-19,uqk5FZ74Nnd8J4uT82Nat8ATVXM=,6duZjBVhgQbfMC4Bz0ojjWTH7O8=
-5,-19,uqk5FZ74Nnd8J4uT82Nat8ATVXM=,R2+xy4Ar37F36lBBBCBZr4t+tpM=
-6,-17,uqk5FZ74Nnd8J4uT82Nat8ATVXM=,R2+xy4Ar37F36lBBBCBZr4t+tpM=
-6,-19,uqk5FZ74Nnd8J4uT82Nat8ATVXM=,R2+xy4Ar37F36lBBBCBZr4t+tpM=
-5,-18,uqk5FZ74Nnd8J4uT82Nat8ATVXM=,R2+xy4Ar37F36lBBBCBZr4t+tpM=
-3,-19,uqk5FZ74Nnd8J4uT82Nat8ATVXM=,607+u7jgqGYfsjSeIxKg5WXIHwE=
-5,-17,uqk5FZ74Nnd8J4uT82Nat8ATVXM=,R2+xy4Ar37F36lBBBCBZr4t+tpM=
-1,-17,uqk5FZ74Nnd8J4uT82Nat8ATVXM=,mOr1O/1wslrtqTJwfj/GEGx87Ls=
-4,-17,uqk5FZ74Nnd8J4uT82Nat8ATVXM=,mOr1O/1wslrtqTJwfj/GEGx87Ls=
-2,-17,uqk5FZ74Nnd8J4uT82Nat8ATVXM=,mOr1O/1wslrtqTJwfj/GEGx87Ls=
-4,-18,uqk5FZ74Nnd8J4uT82Nat8ATVXM=,mOr1O/1wslrtqTJwfj/GEGx87Ls=
-1,-18,uqk5FZ74Nnd8J4uT82Nat8ATVXM=,mOr1O/1wslrtqTJwfj/GEGx87Ls=
-2,-18,uqk5FZ74Nnd8J4uT82Nat8ATVXM=,mOr1O/1wslrtqTJwfj/GEGx87Ls=
-3,-18,uqk5FZ74Nnd8J4uT82Nat8ATVXM=,mOr1O/1wslrtqTJwfj/GEGx87Ls=
-1,-19,uqk5FZ74Nnd8J4uT82Nat8ATVXM=,607+u7jgqGYfsjSeIxKg5WXIHwE=
-2,-19,uqk5FZ74Nnd8J4uT82Nat8ATVXM=,607+u7jgqGYfsjSeIxKg5WXIHwE=
-3,-17,uqk5FZ74Nnd8J4uT82Nat8ATVXM=,mOr1O/1wslrtqTJwfj/GEGx87Ls=
-20,-23,uqk5FZ74Nnd8J4uT82Nat8ATVXM=,rZz+oDTw116hEd37a8sWQCF5YM8=
-19,-23,uqk5FZ74Nnd8J4uT82Nat8ATVXM=,rZz+oDTw116hEd37a8sWQCF5YM8=
-20,-24,uqk5FZ74Nnd8J4uT82Nat8ATVXM=,rZz+oDTw116hEd37a8sWQCF5YM8=
-23,-25,uqk5FZ74Nnd8J4uT82Nat8ATVXM=,rZz+oDTw116hEd37a8sWQCF5YM8=
-19,-24,uqk5FZ74Nnd8J4uT82Nat8ATVXM=,rZz+oDTw116hEd37a8sWQCF5YM8=
-24,-25,uqk5FZ74Nnd8J4uT82Nat8ATVXM=,rZz+oDTw116hEd37a8sWQCF5YM8=
-26,-20,uqk5FZ74Nnd8J4uT82Nat8ATVXM=,rZz+oDTw116hEd37a8sWQCF5YM8=
-24,-28,uqk5FZ74Nnd8J4uT82Nat8ATVXM=,rZz+oDTw116hEd37a8sWQCF5YM8=
-25,-19,uqk5FZ74Nnd8J4uT82Nat8ATVXM=,rZz+oDTw116hEd37a8sWQCF5YM8=
-25,-20,uqk5FZ74Nnd8J4uT82Nat8ATVXM=,rZz+oDTw116hEd37a8sWQCF5YM8=
-27,-31,uqk5FZ74Nnd8J4uT82Nat8ATVXM=,rZz+oDTw116hEd37a8sWQCF5YM8=
-23,-27,uqk5FZ74Nnd8J4uT82Nat8ATVXM=,rZz+oDTw116hEd37a8sWQCF5YM8=
-28,-31,uqk5FZ74Nnd8J4uT82Nat8ATVXM=,rZz+oDTw116hEd37a8sWQCF5YM8=
-24,-27,uqk5FZ74Nnd8J4uT82Nat8ATVXM=,rZz+oDTw116hEd37a8sWQCF5YM8=
-29,-28,uqk5FZ74Nnd8J4uT82Nat8ATVXM=,rZz+oDTw116hEd37a8sWQCF5YM8=
-29,-24,uqk5FZ74Nnd8J4uT82Nat8ATVXM=,rZz+oDTw116hEd37a8sWQCF5YM8=
-30,-28,uqk5FZ74Nnd8J4uT82Nat8ATVXM=,rZz+oDTw116hEd37a8sWQCF5YM8=
-23,-28,uqk5FZ74Nnd8J4uT82Nat8ATVXM=,rZz+oDTw116hEd37a8sWQCF5YM8=
-29,-23,uqk5FZ74Nnd8J4uT82Nat8ATVXM=,rZz+oDTw116hEd37a8sWQCF5YM8=
-27,-32,uqk5FZ74Nnd8J4uT82Nat8ATVXM=,rZz+oDTw116hEd37a8sWQCF5YM8=
-23,-26,uqk5FZ74Nnd8J4uT82Nat8ATVXM=,rZz+oDTw116hEd37a8sWQCF5YM8=
-29,-27,uqk5FZ74Nnd8J4uT82Nat8ATVXM=,rZz+oDTw116hEd37a8sWQCF5YM8=
-30,-24,uqk5FZ74Nnd8J4uT82Nat8ATVXM=,rZz+oDTw116hEd37a8sWQCF5YM8=
-28,-32,uqk5FZ74Nnd8J4uT82Nat8ATVXM=,rZz+oDTw116hEd37a8sWQCF5YM8=
-30,-27,uqk5FZ74Nnd8J4uT82Nat8ATVXM=,rZz+oDTw116hEd37a8sWQCF5YM8=
-24,-26,uqk5FZ74Nnd8J4uT82Nat8ATVXM=,rZz+oDTw116hEd37a8sWQCF5YM8=
-30,-23,uqk5FZ74Nnd8J4uT82Nat8ATVXM=,rZz+oDTw116hEd37a8sWQCF5YM8=
-19,-18,uqk5FZ74Nnd8J4uT82Nat8ATVXM=,rZz+oDTw116hEd37a8sWQCF5YM8=
-20,-18,uqk5FZ74Nnd8J4uT82Nat8ATVXM=,rZz+oDTw116hEd37a8sWQCF5YM8=
-17,-29,uqk5FZ74Nnd8J4uT82Nat8ATVXM=,rZz+oDTw116hEd37a8sWQCF5YM8=
-27,-17,uqk5FZ74Nnd8J4uT82Nat8ATVXM=,rZz+oDTw116hEd37a8sWQCF5YM8=
-19,-17,uqk5FZ74Nnd8J4uT82Nat8ATVXM=,rZz+oDTw116hEd37a8sWQCF5YM8=
-28,-17,uqk5FZ74Nnd8J4uT82Nat8ATVXM=,rZz+oDTw116hEd37a8sWQCF5YM8=
-18,-29,uqk5FZ74Nnd8J4uT82Nat8ATVXM=,rZz+oDTw116hEd37a8sWQCF5YM8=
-27,-18,uqk5FZ74Nnd8J4uT82Nat8ATVXM=,rZz+oDTw116hEd37a8sWQCF5YM8=
-17,-30,uqk5FZ74Nnd8J4uT82Nat8ATVXM=,rZz+oDTw116hEd37a8sWQCF5YM8=
-20,-17,uqk5FZ74Nnd8J4uT82Nat8ATVXM=,rZz+oDTw116hEd37a8sWQCF5YM8=
-28,-18,uqk5FZ74Nnd8J4uT82Nat8ATVXM=,rZz+oDTw116hEd37a8sWQCF5YM8=
-18,-30,uqk5FZ74Nnd8J4uT82Nat8ATVXM=,rZz+oDTw116hEd37a8sWQCF5YM8=
-26,-19,uqk5FZ74Nnd8J4uT82Nat8ATVXM=,rZz+oDTw116hEd37a8sWQCF5YM8=
